l,0,1,2,3,4,5,6,7,8,9,10,11,12,13,14,15,16,17,18,19,20,21,22,23,24,25,26,27,28,29,30,31,32,33,34,35,36,37,38,39,40,41,42,43,44,45,46,47,48,49,50,51,52,53,54,55,56,57,58,59,60,61,62,63,64,65,66,67,68,69,70,71,72,73,74,75,76,77,78,79,80,81,82,83,84,85,86,87,88,89,90,91,92,93,94,95,96,97,98,99,100,101,102,103,104,105,106,107,108,109,110,111,112,113,114,115,116,117,118,119,120,121,122,123,124,125,126,127,128,129,130,131,132,133,134,135,136,137,138,139,140,141,142,143,144,145,146,147
57.0,0.0,0.0,0.0,0.0,0.0,0.0,0.0,0.0,0.0,0.0,2.97000297000297e-05,0.0002376002376002376,0.0004752004752004752,0.00098010098010098,0.0015444015444015444,0.00297000297000297,0.0049599049599049596,0.00784080784080784,0.011137511137511137,0.016929016929016927,0.023166023166023165,0.031214731214731214,0.04125334125334126,0.05354915354915355,0.067003267003267,0.0812889812889813,0.09842589842589843,0.11784971784971784,0.14101574101574102,0.17264627264627264,0.21185031185031186,0.25978615978615976,0.31776061776061776,0.3876744876744877,0.46831006831006833,0.54995544995545,0.6363231363231363,0.7214434214434214,0.7947727947727947,0.858984258984259,0.9083754083754084,0.9435996435996435,0.9683397683397683,0.9827145827145827,0.9923076923076923,0.9964953964953965,0.9989010989010989,0.9995247995247996,0.9998217998217999,1.0,1.0,1.0,1.0,1.0,1.0,1.0,1.0,1.0,1.0,1.0,1.0,1.0,1.0,1.0,1.0,1.0,1.0,1.0,1.0,1.0,1.0,1.0,1.0,1.0,1.0,1.0,1.0,1.0,1.0,1.0,1.0,1.0,1.0,1.0,1.0,1.0,1.0,1.0,1.0,1.0,1.0,1.0,1.0,1.0,1.0,1.0,1.0,1.0,1.0,1.0,1.0,1.0,1.0,1.0,1.0,1.0,1.0,1.0,1.0,1.0,1.0,1.0,1.0,1.0,1.0,1.0,1.0,1.0,1.0,1.0,1.0,1.0,1.0,1.0,1.0,1.0,1.0,1.0,1.0,1.0,1.0,1.0,1.0,1.0,1.0,1.0,1.0,1.0,1.0,1.0,1.0,1.0,1.0,1.0,1.0,1.0,1.0,1.0
60.0,0.0,0.0,0.0,0.0,0.0,0.0,0.0,0.0,1.0496924401150464e-05,3.149077320345139e-05,6.298154640690278e-05,0.00019944156362185878,0.000430373900447169,0.000860747800894338,0.0016375202065794722,0.002792181890706023,0.004272248231268238,0.0063191484894925785,0.00977263661747108,0.013887430982722063,0.01949278861293641,0.02586442172443474,0.03357966115928033,0.04284844540549619,0.053429345201855855,0.06535385132156278,0.07907333151386643,0.09415741187831965,0.11036466315369596,0.1301303718010623,0.15404236558688306,0.1836961770201331,0.2211387063590368,0.2686057985010392,0.3260659626729368,0.3932987634623055,0.4683202821573279,0.5479394537400541,0.6284088761992737,0.7061281044653916,0.7804253353767346,0.8427245816975626,0.8932252849914974,0.9311296790040519,0.9594713748871581,0.9779354649087817,0.9889992232275943,0.995192408624273,0.998121050532194,0.999307202989524,0.999716583041169,0.9999160246047908,0.9999895030755989,1.0,1.0,1.0,1.0,1.0,1.0,1.0,1.0,1.0,1.0,1.0,1.0,1.0,1.0,1.0,1.0,1.0,1.0,1.0,1.0,1.0,1.0,1.0,1.0,1.0,1.0,1.0,1.0,1.0,1.0,1.0,1.0,1.0,1.0,1.0,1.0,1.0,1.0,1.0,1.0,1.0,1.0,1.0,1.0,1.0,1.0,1.0,1.0,1.0,1.0,1.0,1.0,1.0,1.0,1.0,1.0,1.0,1.0,1.0,1.0,1.0,1.0,1.0,1.0,1.0,1.0,1.0,1.0,1.0,1.0,1.0,1.0,1.0,1.0,1.0,1.0,1.0,1.0,1.0,1.0,1.0,1.0,1.0,1.0,1.0,1.0,1.0,1.0,1.0,1.0,1.0,1.0,1.0,1.0,1.0
63.0,0.0,0.0,0.0,0.0,0.0,0.0,0.0,0.0,6.516016368233117e-06,1.954804910469935e-05,5.864414731409805e-05,0.0001335783355487789,0.0002443506138087419,0.0004072510230145698,0.0007884379805562072,0.0012901712409101572,0.0020786092214663643,0.0032058800531706935,0.004815336096124273,0.007226262152370527,0.010712330909375244,0.015218156228008446,0.02081867229650481,0.027631167409492532,0.03602379649177679,0.04531889384106133,0.05585203430031016,0.06771118409049444,0.08112440378450231,0.09533583548361874,0.11256092475304298,0.1327312534209086,0.15776904631584435,0.18881134829410692,0.22707013840018767,0.27365313941668623,0.32847238512263144,0.3937368050668543,0.4654944353220215,0.5432598326686997,0.6219798264133239,0.699741965751818,0.7703104230197826,0.8327403758438241,0.8841615190137357,0.9245054343576511,0.9533941929262126,0.9728282117444679,0.9852770610159772,0.9926075794302396,0.9965562853493888,0.9985143482680429,0.999413558526859,0.9997947454844006,0.99994461386087,0.9999934839836317,1.0,1.0,1.0,1.0,1.0,1.0,1.0,1.0,1.0,1.0,1.0,1.0,1.0,1.0,1.0,1.0,1.0,1.0,1.0,1.0,1.0,1.0,1.0,1.0,1.0,1.0,1.0,1.0,1.0,1.0,1.0,1.0,1.0,1.0,1.0,1.0,1.0,1.0,1.0,1.0,1.0,1.0,1.0,1.0,1.0,1.0,1.0,1.0,1.0,1.0,1.0,1.0,1.0,1.0,1.0,1.0,1.0,1.0,1.0,1.0,1.0,1.0,1.0,1.0,1.0,1.0,1.0,1.0,1.0,1.0,1.0,1.0,1.0,1.0,1.0,1.0,1.0,1.0,1.0,1.0,1.0,1.0,1.0,1.0,1.0,1.0,1.0,1.0,1.0,1.0,1.0,1.0
66.0,0.0,0.0,0.0,0.0,0.0,0.0,0.0,4.163197335553705e-06,8.32639467110741e-06,1.1101859561476547e-05,2.2203719122953094e-05,4.8570635581459896e-05,9.297807382736609e-05,0.00017901748542880933,0.00035248404107688036,0.0006730502359145157,0.0011698584512905912,0.0019303358312517346,0.0030016652789342214,0.00451706910907577,0.006659728004440744,0.00946849847349431,0.013145989453233416,0.01788925895087427,0.02361781848459617,0.030473216763807938,0.038637246738828755,0.04801693033583125,0.058762142658895365,0.07057868442964196,0.08374271440466279,0.0983541493200111,0.11529142381348875,0.13474326949764084,0.1586969192339717,0.1889203441576464,0.22667082986400222,0.27278101582014985,0.3281182348043297,0.39219678046072715,0.4639106300305301,0.5414168748265334,0.6207021926172633,0.6977560366361365,0.7691007493755204,0.8312836525117957,0.8831876214265889,0.9234471273938385,0.9527296697196781,0.9726963641409936,0.9852345267832362,0.9926200388565085,0.9965917291146267,0.9985387177352206,0.9994102137107965,0.9998112683874549,0.9999347765750763,0.9999805717457674,0.9999972245351096,1.0,1.0,1.0,1.0,1.0,1.0,1.0,1.0,1.0,1.0,1.0,1.0,1.0,1.0,1.0,1.0,1.0,1.0,1.0,1.0,1.0,1.0,1.0,1.0,1.0,1.0,1.0,1.0,1.0,1.0,1.0,1.0,1.0,1.0,1.0,1.0,1.0,1.0,1.0,1.0,1.0,1.0,1.0,1.0,1.0,1.0,1.0,1.0,1.0,1.0,1.0,1.0,1.0,1.0,1.0,1.0,1.0,1.0,1.0,1.0,1.0,1.0,1.0,1.0,1.0,1.0,1.0,1.0,1.0,1.0,1.0,1.0,1.0,1.0,1.0,1.0,1.0,1.0,1.0,1.0,1.0,1.0,1.0,1.0,1.0,1.0,1.0,1.0,1.0
69.0,0.0,0.0,0.0,0.0,0.0,0.0,0.0,0.0,6.740802007141206e-07,2.0222406021423617e-06,5.3926416057129645e-06,1.2133443612854171e-05,2.494096742642246e-05,5.055601505355904e-05,0.00011594179452282873,0.00022177238603494567,0.00040579628082990056,0.0007226139751655373,0.001219411083091844,0.0020330258853537876,0.00315402125914137,0.004742828292224552,0.006986841280401859,0.01004581723124254,0.014012779212445139,0.0191283738556646,0.025403386444112348,0.032901854596856225,0.04181656525130047,0.05187249368555372,0.0630709880600174,0.07548484903636865,0.08877164387264468,0.10351714826326607,0.12016221065949985,0.13955145355284082,0.16268251564034586,0.19171110540389874,0.22743735604174714,0.2710341671031336,0.32330976074871437,0.3841387580611566,0.452963020634269,0.5272156510637322,0.6044679383863734,0.6810670419945224,0.7532246311601661,0.8172568575864019,0.8710558724855966,0.9139482697372368,0.9456509356570226,0.9677135806263958,0.9819932955983237,0.9906080405634502,0.9955328705098675,0.9980323598941154,0.9992025631225552,0.9997074491928901,0.9999015842906958,0.9999676441503658,0.9999946073583943,0.9999993259197992,1.0,1.0,1.0,1.0,1.0,1.0,1.0,1.0,1.0,1.0,1.0,1.0,1.0,1.0,1.0,1.0,1.0,1.0,1.0,1.0,1.0,1.0,1.0,1.0,1.0,1.0,1.0,1.0,1.0,1.0,1.0,1.0,1.0,1.0,1.0,1.0,1.0,1.0,1.0,1.0,1.0,1.0,1.0,1.0,1.0,1.0,1.0,1.0,1.0,1.0,1.0,1.0,1.0,1.0,1.0,1.0,1.0,1.0,1.0,1.0,1.0,1.0,1.0,1.0,1.0,1.0,1.0,1.0,1.0,1.0,1.0,1.0,1.0,1.0,1.0,1.0,1.0,1.0,1.0,1.0,1.0,1.0,1.0,1.0,1.0,1.0
72.0,0.0,0.0,0.0,0.0,0.0,0.0,0.0,0.0,3.5382536524507893e-07,3.5382536524507893e-07,3.5382536524507893e-07,4.245904382940947e-06,9.90711022686221e-06,1.8752744357989183e-05,4.0336091637939e-05,8.597956375455417e-05,0.00017832798408351977,0.00033011906577365863,0.0005915960106897719,0.0010066331641222495,0.0016463494244853521,0.0026289224637709363,0.0040187484984536065,0.0060596132051872215,0.008749393631780312,0.01235664323045389,0.016890915286069577,0.022488432564246725,0.029507266334613355,0.03761765135676105,0.04688575297399065,0.057087245904736766,0.06849032977585517,0.0808441424033871,0.09430648990023187,0.10921916756921621,0.12642286447816242,0.1468173585308888,0.1715929182560797,0.20195007311801172,0.2392860794840377,0.2845874024724609,0.3382213128124057,0.4000639716260363,0.4687099845625993,0.5422076509074029,0.61796272308247,0.6925215116976435,0.7619792000220788,0.8239750652188604,0.8761480306257083,0.91702936715149,0.9475726341555409,0.9687140535542996,0.9825118274973967,0.9908861662420173,0.9955343700652418,0.9979633811976494,0.9991186210151745,0.9996532511420598,0.99987722259826,0.9999575409561706,0.9999858469853902,0.9999946926195213,0.9999989385239043,0.9999996461746348,0.9999996461746348,1.0,1.0,1.0,1.0,1.0,1.0,1.0,1.0,1.0,1.0,1.0,1.0,1.0,1.0,1.0,1.0,1.0,1.0,1.0,1.0,1.0,1.0,1.0,1.0,1.0,1.0,1.0,1.0,1.0,1.0,1.0,1.0,1.0,1.0,1.0,1.0,1.0,1.0,1.0,1.0,1.0,1.0,1.0,1.0,1.0,1.0,1.0,1.0,1.0,1.0,1.0,1.0,1.0,1.0,1.0,1.0,1.0,1.0,1.0,1.0,1.0,1.0,1.0,1.0,1.0,1.0,1.0,1.0,1.0,1.0,1.0,1.0,1.0,1.0,1.0,1.0,1.0,1.0,1.0,1.0,1.0
75.0,0.0,0.0,0.0,0.0,0.0,0.0,0.0,0.0,1.9610838596718988e-07,1.9610838596718988e-07,3.9221677193437977e-07,1.764975473704709e-06,3.529950947409418e-06,6.863793508851646e-06,1.3335370245768913e-05,2.9220149509111293e-05,5.8636407404189776e-05,0.00011707670642241236,0.00021375814070423698,0.00039241288032034697,0.0006797116657622802,0.0011172294748550808,0.0017694859665819543,0.0027190427714350878,0.004118472213696955,0.006033470602666564,0.008618375238100094,0.012009089231472807,0.016316609929242134,0.021712139952357427,0.028321776992995595,0.03615866031301644,0.0451770966584896,0.05542513258397704,0.06679490847719681,0.07927073566727152,0.09307245165487042,0.10846519497782112,0.12610534040395582,0.14656983880479,0.17109417301191693,0.20080008299306895,0.23711680666517493,0.2807093475650496,0.3320913135555411,0.3911630815765781,0.45698274305036,0.5275747020966536,0.6004850544818513,0.6731355632556424,0.7418397829786157,0.8039484854647406,0.8573323258591852,0.9008803501554453,0.9345972649547842,0.959122971920613,0.9759378932585977,0.986706793057214,0.993138755900166,0.9967147923182776,0.9985635060727903,0.9994093215414668,0.9997770247651553,0.9999241060546307,0.999976074776912,0.999994116748421,0.9999990194580701,0.999999607783228,0.999999803891614,1.0,1.0,1.0,1.0,1.0,1.0,1.0,1.0,1.0,1.0,1.0,1.0,1.0,1.0,1.0,1.0,1.0,1.0,1.0,1.0,1.0,1.0,1.0,1.0,1.0,1.0,1.0,1.0,1.0,1.0,1.0,1.0,1.0,1.0,1.0,1.0,1.0,1.0,1.0,1.0,1.0,1.0,1.0,1.0,1.0,1.0,1.0,1.0,1.0,1.0,1.0,1.0,1.0,1.0,1.0,1.0,1.0,1.0,1.0,1.0,1.0,1.0,1.0,1.0,1.0,1.0,1.0,1.0,1.0,1.0,1.0,1.0,1.0,1.0,1.0,1.0,1.0,1.0,1.0
78.0,0.0,0.0,0.0,0.0,0.0,0.0,0.0,1.1206741975972745e-07,1.1206741975972745e-07,4.482696790389098e-07,6.724045185583647e-07,1.6810112963959119e-06,2.3534158149542764e-06,4.370629370629371e-06,8.85332616101847e-06,1.7370450062757754e-05,2.8801326878249956e-05,5.401649632418863e-05,9.929173390711852e-05,0.00018199748968979738,0.00031289223596915903,0.0005325443786982248,0.0008877980993365609,0.0014230320961090193,0.002229469248700018,0.003364712210866057,0.004955733369194908,0.007123677604446836,0.009972879684418146,0.013690716334947103,0.018364600143446298,0.024151089295320064,0.031108122646584184,0.03921933835395374,0.048455935090550475,0.058920006275775504,0.07038719293526986,0.08298144163528778,0.09683712121212121,0.11231430428545813,0.12982954545454545,0.15027983234714004,0.17476051192397346,0.20436200017930786,0.24034606419221805,0.2833061009503317,0.33410435718128023,0.3922855029585799,0.4572660032275417,0.5270982383001613,0.5993563968083199,0.6714042047695894,0.7398898377263762,0.8020467993544916,0.8555621301775148,0.8994847140039448,0.9335669939035324,0.9583917204590282,0.97546171776941,0.9863830240272548,0.992866124260355,0.9965314012910167,0.9984549264837727,0.9993532589205666,0.9997507620584544,0.9999199838622915,0.9999763537744307,0.9999940604267528,0.9999991034606419,0.9999997758651605,1.0,1.0,1.0,1.0,1.0,1.0,1.0,1.0,1.0,1.0,1.0,1.0,1.0,1.0,1.0,1.0,1.0,1.0,1.0,1.0,1.0,1.0,1.0,1.0,1.0,1.0,1.0,1.0,1.0,1.0,1.0,1.0,1.0,1.0,1.0,1.0,1.0,1.0,1.0,1.0,1.0,1.0,1.0,1.0,1.0,1.0,1.0,1.0,1.0,1.0,1.0,1.0,1.0,1.0,1.0,1.0,1.0,1.0,1.0,1.0,1.0,1.0,1.0,1.0,1.0,1.0,1.0,1.0,1.0,1.0,1.0,1.0,1.0,1.0,1.0,1.0,1.0,1.0
81.0,0.0,0.0,0.0,0.0,0.0,0.0,0.0,0.0,0.0,0.0,8.277412513957787e-08,3.310965005583115e-07,1.324386002233246e-06,2.8970943798852255e-06,5.46309225921214e-06,1.1340055144122168e-05,1.9120822907242487e-05,3.2944101805551993e-05,5.61208568446338e-05,9.485914740995624e-05,0.00016165786639759557,0.0002696780997047447,0.0004365507359861337,0.0007090431559456241,0.0011265558431496547,0.0017205429651512656,0.002602252946138049,0.003840471084100994,0.005545783610226578,0.007811145867046545,0.010848128518417656,0.014719474351195713,0.019559774092857668,0.025450974127291706,0.03250597836118821,0.04071212235340082,0.05010077749735744,0.060569800522635824,0.07210263660420807,0.08471484727760041,0.09866932316425614,0.11428333748583527,0.13210973862414505,0.15299033943185497,0.17781951433109816,0.20755744317349373,0.24339930155193207,0.28603815721620685,0.3358466592776964,0.39278176519132824,0.45605885902490423,0.5240111182204887,0.5945604983664526,0.665027683806153,0.7322748730037985,0.7938533590153852,0.8474564752956485,0.8918176121817024,0.9267936532111808,0.9528158515760607,0.9711542106783588,0.9832341009529785,0.9908296202240364,0.9952511656666173,0.9976932506806102,0.9989582048609933,0.999555834044501,0.9998236911134527,0.9999344428928895,0.9999793892428402,0.9999927158769877,0.9999977650986213,0.999999420581124,1.0,1.0,1.0,1.0,1.0,1.0,1.0,1.0,1.0,1.0,1.0,1.0,1.0,1.0,1.0,1.0,1.0,1.0,1.0,1.0,1.0,1.0,1.0,1.0,1.0,1.0,1.0,1.0,1.0,1.0,1.0,1.0,1.0,1.0,1.0,1.0,1.0,1.0,1.0,1.0,1.0,1.0,1.0,1.0,1.0,1.0,1.0,1.0,1.0,1.0,1.0,1.0,1.0,1.0,1.0,1.0,1.0,1.0,1.0,1.0,1.0,1.0,1.0,1.0,1.0,1.0,1.0,1.0,1.0,1.0,1.0,1.0,1.0,1.0,1.0
84.0,0.0,0.0,0.0,0.0,0.0,0.0,0.0,0.0,5.7718588519622675e-08,1.1543717703924535e-07,2.8859294259811336e-07,6.349044737158494e-07,9.812160048335855e-07,1.616120478549435e-06,2.7704922489418886e-06,5.887296029001513e-06,1.0273908756492837e-05,1.7315576555886803e-05,3.001366603020379e-05,5.131182519394456e-05,8.790541031538534e-05,0.00014395015976793895,0.000233125379030756,0.00037511310678902776,0.000591673250914652,0.0009225739188976488,0.001407467781050999,0.0021151553948900925,0.0031210172370215567,0.004505743894195825,0.00640006796940984,0.008888835787787451,0.012107743750938288,0.01619508559695537,0.021240036545101506,0.02736703787222501,0.03456264114720081,0.0428862387976156,0.05230926012215216,0.06277450599958755,0.07435458641427944,0.08692194328559949,0.10074127406049867,0.11619548385521615,0.13374043408187994,0.1541549793739738,0.17836833128807514,0.2073547795983952,0.24226604102025454,0.283913523471062,0.33268532674002355,0.3884754217800286,0.45067025999511356,0.517622956899048,0.5875532980661213,0.6575889179386545,0.7248703799227968,0.7868548338827277,0.8413348324005143,0.8867253653168193,0.9226432966410494,0.9497156811188817,0.9689307187043609,0.9818060042454331,0.9899297224238044,0.9947265988784932,0.9974059534761626,0.9988154991264003,0.999486708592295,0.9997913473025015,0.9999216758753788,0.9999737380422236,0.9999908227444254,0.9999968254776315,0.9999986147538755,0.9999997691256459,0.999999884562823,1.0,1.0,1.0,1.0,1.0,1.0,1.0,1.0,1.0,1.0,1.0,1.0,1.0,1.0,1.0,1.0,1.0,1.0,1.0,1.0,1.0,1.0,1.0,1.0,1.0,1.0,1.0,1.0,1.0,1.0,1.0,1.0,1.0,1.0,1.0,1.0,1.0,1.0,1.0,1.0,1.0,1.0,1.0,1.0,1.0,1.0,1.0,1.0,1.0,1.0,1.0,1.0,1.0,1.0,1.0,1.0,1.0,1.0,1.0,1.0,1.0,1.0,1.0,1.0,1.0,1.0,1.0,1.0,1.0,1.0,1.0
87.0,0.0,0.0,0.0,0.0,0.0,0.0,0.0,0.0,0.0,0.0,4.596241763419854e-08,9.192483526839707e-08,2.7577450580519124e-07,9.192483526839708e-07,1.8384967053679417e-06,3.8148806636384786e-06,6.94032506276398e-06,1.2134078255428414e-05,2.036135101194995e-05,3.557491124886967e-05,5.66716609429668e-05,9.013230098066334e-05,0.0001450573900535306,0.00022392889871381528,0.0003495441861080799,0.0005315553599395061,0.0007928057417722906,0.0011735584094539912,0.001722809300182664,0.002489646275991632,0.0035591917343394323,0.004997447706948773,0.006928328871761454,0.009419813644458454,0.012605560735520023,0.016622308337407903,0.02154198763371961,0.027473621479083467,0.03447567406873018,0.042588684255013096,0.05173120663388443,0.06193086461834233,0.07317028441452107,0.085581102386525,0.09924439623906083,0.11452864667430195,0.1320998950861855,0.15244929586955058,0.17662060956645215,0.20567804999479244,0.2404423680462654,0.2818056023223155,0.3302270552623613,0.3855114325538751,0.4469908543062143,0.5132730729268214,0.5822543425981617,0.6513562636157917,0.717999333177245,0.7793993778343299,0.8336200468945355,0.8793602822018903,0.9160791061008399,0.944156260085878,0.9645382022609281,0.978550167013637,0.9876689727850091,0.9933174781377463,0.9965828321361503,0.9983568895319951,0.9992604647002657,0.9996926952756977,0.9998827958350328,0.9999588636362174,0.9999858895377863,0.999996736668348,0.9999993565261531,0.9999997701879119,0.9999999540375824,1.0,1.0,1.0,1.0,1.0,1.0,1.0,1.0,1.0,1.0,1.0,1.0,1.0,1.0,1.0,1.0,1.0,1.0,1.0,1.0,1.0,1.0,1.0,1.0,1.0,1.0,1.0,1.0,1.0,1.0,1.0,1.0,1.0,1.0,1.0,1.0,1.0,1.0,1.0,1.0,1.0,1.0,1.0,1.0,1.0,1.0,1.0,1.0,1.0,1.0,1.0,1.0,1.0,1.0,1.0,1.0,1.0,1.0,1.0,1.0,1.0,1.0,1.0,1.0,1.0,1.0,1.0,1.0,1.0
90.0,0.0,0.0,0.0,0.0,0.0,0.0,0.0,0.0,0.0,0.0,0.0,3.954645593362143e-08,1.5818582373448573e-07,2.7682519153535e-07,7.118362068051858e-07,1.9377763407474503e-06,3.677820401826793e-06,6.129700669711322e-06,1.2338494251289887e-05,1.9535949231208988e-05,3.424723083851616e-05,5.5206852483335516e-05,8.787222508450682e-05,0.00013698892335406465,0.00020738161491591078,0.00031546207898249814,0.0004692186996524183,0.0006965317283588743,0.0010184003332026192,0.001468636734006899,0.0020875387693680744,0.002946566885158199,0.004105317590469241,0.00565257267887218,0.007670628325164881,0.010250757749642144,0.01353679141253455,0.017595997835385187,0.022569201947773686,0.028519361707546365,0.035457668761732446,0.04346392785840597,0.05253481709526852,0.06261829333631144,0.07373828218737459,0.08602659198608471,0.09957141132917378,0.11476765112559496,0.13206582460134403,0.1522296133669552,0.17611650322643715,0.20465540088321474,0.23875282974665432,0.2791961993008503,0.3263994818465158,0.38043390055078724,0.4406901236206394,0.5058800438934024,0.5739720808348542,0.6425941589251842,0.7092519250028355,0.7712353395355885,0.826392205298624,0.8732780484425103,0.9111817050501931,0.9404642342643466,0.9619320674143689,0.9768311551409048,0.9866235694662763,0.9926652001786235,0.9962102235814251,0.9981469717143183,0.9991539035753002,0.9996390990431497,0.9998569209224322,0.9999464540986659,0.9999795149358264,0.9999937516599625,0.9999978644913796,0.999999406803161,0.9999998813606322,0.9999999209070881,1.0,1.0,1.0,1.0,1.0,1.0,1.0,1.0,1.0,1.0,1.0,1.0,1.0,1.0,1.0,1.0,1.0,1.0,1.0,1.0,1.0,1.0,1.0,1.0,1.0,1.0,1.0,1.0,1.0,1.0,1.0,1.0,1.0,1.0,1.0,1.0,1.0,1.0,1.0,1.0,1.0,1.0,1.0,1.0,1.0,1.0,1.0,1.0,1.0,1.0,1.0,1.0,1.0,1.0,1.0,1.0,1.0,1.0,1.0,1.0,1.0,1.0,1.0,1.0,1.0,1.0
93.0,0.0,0.0,0.0,0.0,0.0,0.0,0.0,0.0,0.0,0.0,0.0,3.800275025903625e-08,1.52011001036145e-07,3.0402200207229e-07,5.700412538855437e-07,1.3680990093253049e-06,2.584187017614465e-06,4.940357533674712e-06,9.386679313981953e-06,1.6151168860090405e-05,2.6145892178216936e-05,4.3513149046596505e-05,6.722686520823512e-05,0.00010405153020924124,0.0001542151605511691,0.00023151275457804882,0.0003384144910567178,0.0004912995553488206,0.0007052170365569356,0.0010043366838458098,0.0014156024471491003,0.00197515494196315,0.002714346437251664,0.0036991497074643294,0.004991471232773116,0.006661844117658795,0.008826974808166866,0.011524067996800929,0.014885259246211648,0.01902311270266629,0.023996950659319213,0.029892469318004544,0.03679927916383308,0.04468363375457482,0.05362142458249704,0.06357848717511687,0.0746275587964301,0.08681260862848644,0.10034420991047122,0.1155487682643593,0.13286548147489433,0.152960499751367,0.176631728838216,0.2047233618296956,0.2380976811291833,0.2774589537044796,0.3233470466257643,0.37570028142936707,0.4340298667414561,0.49712457890577544,0.5634185906034019,0.6304321463744331,0.6959267702203609,0.7573806756394961,0.8127846572256434,0.860697308664228,0.9002242352279034,0.9313946990343691,0.9548355554491479,0.9716438298639672,0.9830413487024056,0.9903380287631416,0.9948164248646675,0.9973734399158467,0.9987481894064674,0.9994457298874719,0.9997692092976769,0.9999141897899151,0.9999695217942922,0.9999907653316871,0.9999970357854798,0.999999125936744,0.9999998859917493,1.0,1.0,1.0,1.0,1.0,1.0,1.0,1.0,1.0,1.0,1.0,1.0,1.0,1.0,1.0,1.0,1.0,1.0,1.0,1.0,1.0,1.0,1.0,1.0,1.0,1.0,1.0,1.0,1.0,1.0,1.0,1.0,1.0,1.0,1.0,1.0,1.0,1.0,1.0,1.0,1.0,1.0,1.0,1.0,1.0,1.0,1.0,1.0,1.0,1.0,1.0,1.0,1.0,1.0,1.0,1.0,1.0,1.0,1.0,1.0,1.0,1.0,1.0,1.0,1.0
96.0,0.0,0.0,0.0,0.0,0.0,0.0,0.0,0.0,0.0,0.0,3.645893205735821e-08,7.291786411471643e-08,1.0937679617207464e-07,2.552125244015075e-07,4.7396611674565676e-07,7.656375732045225e-07,1.6406519425811196e-06,3.026091360760732e-06,5.031332623915433e-06,8.823061557880687e-06,1.4620031755000643e-05,2.450040234254472e-05,3.933918768988951e-05,6.25635274104267e-05,9.668908781611398e-05,0.00014583572822943284,0.0002182067083632889,0.0003208386021047523,0.0004623357174193595,0.0006624587954821988,0.000929046506685602,0.001288021151722351,0.0017562632161350026,0.002380950558005778,0.003204630751045615,0.004268502388479327,0.0056356394227661455,0.007376808641029402,0.009553552720581917,0.012301389511880891,0.015674278234371213,0.01978046545733118,0.024696697232741534,0.030518714716184895,0.03724928878649762,0.044938295262734185,0.05365730302852317,0.06337874913122922,0.07414230088893074,0.08604235047672423,0.09930151613375193,0.11418817205888802,0.13122112885530876,0.15099867759807534,0.17430381031205164,0.20191751378083828,0.23465435346446079,0.273324009326049,0.31810808330618057,0.36929893958102344,0.4263801373779852,0.4882357781635862,0.5532912371212013,0.6195189965801886,0.6846861657056275,0.7463141204605303,0.8023612335675492,0.8511711392843863,0.891971746806863,0.9245682560609967,0.9493707935735007,0.9674764450689131,0.97999910383945,0.9882832294636589,0.9934667781289137,0.9965578028476686,0.9982817634500009,0.99919403884794,0.9996412076496235,0.9998528517502165,0.9999435980321073,0.9999794007033876,0.9999931457207732,0.9999982135123292,0.9999994531160191,0.9999998541642717,1.0,1.0,1.0,1.0,1.0,1.0,1.0,1.0,1.0,1.0,1.0,1.0,1.0,1.0,1.0,1.0,1.0,1.0,1.0,1.0,1.0,1.0,1.0,1.0,1.0,1.0,1.0,1.0,1.0,1.0,1.0,1.0,1.0,1.0,1.0,1.0,1.0,1.0,1.0,1.0,1.0,1.0,1.0,1.0,1.0,1.0,1.0,1.0,1.0,1.0,1.0,1.0,1.0,1.0,1.0,1.0,1.0,1.0,1.0,1.0,1.0,1.0
99.0,0.0,0.0,0.0,0.0,0.0,0.0,0.0,0.0,0.0,0.0,0.0,8.101806982469431e-08,8.101806982469431e-08,1.6203613964938862e-07,4.4559938403581876e-07,8.101806982469432e-07,1.4988342917568448e-06,2.2685059550914407e-06,3.84835831667298e-06,6.56246365580024e-06,1.0653876181947303e-05,1.6770740453711722e-05,2.6371381727937998e-05,4.350670349586085e-05,6.854128707169139e-05,0.00010224480411876423,0.00015158480864200307,0.00022794433945177745,0.0003350907367949357,0.0004806802082699114,0.0006784048076770779,0.000942483206270669,0.0012946687557986152,0.0017460204227919872,0.002333847028405057,0.0030809551592934754,0.004023600401703794,0.005181146074324114,0.006611074497695056,0.008382453576342173,0.01054976796222257,0.013176657349183546,0.016362733454074564,0.02017341836827906,0.02471593950721002,0.030066372838432835,0.03626944033649073,0.043367919542251145,0.05146628325675303,0.06053090898101913,0.07064228816742027,0.08194248600139407,0.0946790937043248,0.10906575592634016,0.1256567577921458,0.14488830058967786,0.16762517119624518,0.1946298306669679,0.22665846115655483,0.2644184314326454,0.3084114458926289,0.35852464636523973,0.4145172471469588,0.4755067184031857,0.5400357881119837,0.6060533217996009,0.6712983887004746,0.7334615687342518,0.7904846788551061,0.8407040535082222,0.8832035403600225,0.9175430492552191,0.9440521211928242,0.9636315150731486,0.9773893960552544,0.9866002593955542,0.9924378138715979,0.9959441138974711,0.997953118974914,0.9990112149668245,0.9995551702876275,0.9998107822979244,0.9999250582854121,0.9999731020008182,0.9999909259761797,0.999997245385626,0.9999991088012319,0.9999999594909651,1.0,1.0,1.0,1.0,1.0,1.0,1.0,1.0,1.0,1.0,1.0,1.0,1.0,1.0,1.0,1.0,1.0,1.0,1.0,1.0,1.0,1.0,1.0,1.0,1.0,1.0,1.0,1.0,1.0,1.0,1.0,1.0,1.0,1.0,1.0,1.0,1.0,1.0,1.0,1.0,1.0,1.0,1.0,1.0,1.0,1.0,1.0,1.0,1.0,1.0,1.0,1.0,1.0,1.0,1.0,1.0,1.0,1.0,1.0,1.0
102.0,0.0,0.0,0.0,0.0,0.0,0.0,0.0,0.0,0.0,0.0,4.4189855882739215e-08,1.3256956764821763e-07,2.2094927941369606e-07,3.535188470619137e-07,5.744681264756098e-07,7.512275500065666e-07,1.1931261088339587e-06,2.1653029382542214e-06,3.7119478941500937e-06,5.479542129459662e-06,8.35188276183771e-06,1.2947627773642589e-05,1.9929625003115385e-05,3.097708897380019e-05,4.723895593864822e-05,7.437152745065009e-05,0.00011069558898626172,0.00016761212336322982,0.0002460933074109747,0.00035572833985605067,0.0005044272049014681,0.0007128265652444662,0.000994492706641046,0.0013525631088588817,0.0018244665798306538,0.0024108217775387205,0.0031529904070893254,0.004071918460170887,0.005203929998319018,0.006585172323645797,0.008241540691698511,0.010225223322274674,0.012595876520815985,0.01539521551127575,0.018736366324713778,0.022682432075330623,0.027312424225444627,0.032670179112091455,0.038871341588116254,0.0459474190207634,0.053938933507877374,0.06292321729725296,0.0730494553423503,0.0842981599167251,0.09702192188046574,0.11151831572308657,0.1281982629144412,0.14757785678138413,0.17039003027358646,0.19726214677501547,0.22909585610510258,0.2664262532287318,0.3097231646936485,0.35904143011100315,0.41389783340671793,0.4735825087358926,0.536834940459472,0.601636756910012,0.6658233621869525,0.7273096137506104,0.7840570335491154,0.8343888816908523,0.8773296229173542,0.9123723995816458,0.9398508892854978,0.9603873293895949,0.9749965399342844,0.9849211396669888,0.9913197866089536,0.9952559980217085,0.9975471536695167,0.998791849340166,0.9994427217274627,0.9997548788694185,0.9999030474561933,0.9999632782297615,0.9999878919794881,0.9999959787231146,0.9999985859246118,0.9999996906710088,0.9999998674304323,0.9999999116202882,0.9999999558101441,1.0,1.0,1.0,1.0,1.0,1.0,1.0,1.0,1.0,1.0,1.0,1.0,1.0,1.0,1.0,1.0,1.0,1.0,1.0,1.0,1.0,1.0,1.0,1.0,1.0,1.0,1.0,1.0,1.0,1.0,1.0,1.0,1.0,1.0,1.0,1.0,1.0,1.0,1.0,1.0,1.0,1.0,1.0,1.0,1.0,1.0,1.0,1.0,1.0,1.0,1.0,1.0,1.0,1.0,1.0
105.0,0.0,0.0,0.0,0.0,0.0,0.0,0.0,0.0,0.0,0.0,0.0,1.081885770172842e-07,1.081885770172842e-07,2.163771540345684e-07,5.409428850864211e-07,8.655086161382736e-07,1.4064515012246947e-06,2.1637715403456843e-06,3.3538458875358103e-06,5.4094288508642104e-06,8.438709007348167e-06,1.2171214914444474e-05,1.74724551882914e-05,2.5694787041605e-05,3.9488830611308736e-05,5.836773730082483e-05,8.655086161382737e-05,0.00012906897238162005,0.00018765308683647947,0.00027295977981460804,0.00039510468326712194,0.0005617691861622482,0.0007832312033166291,0.0010788023957278494,0.0014688763101636676,0.001972007287582548,0.0025947948311825443,0.003377647374479613,0.004319266654549546,0.005452217433074546,0.006779799461653641,0.008338418196453146,0.01014603294125793,0.012250030292801565,0.014699581959338405,0.017551054189494455,0.020876771047005773,0.02477610373986273,0.02929562745047127,0.03449993075931071,0.04047762011095821,0.04733569400808385,0.055131492396506804,0.06395183660928344,0.07390258916902517,0.08511276495382511,0.09793641108197232,0.1125582054544353,0.12935145275621218,0.14887548793048236,0.17177322159617098,0.19869200010386104,0.23029945516232614,0.26724850483386564,0.3097582309869395,0.35807687231151386,0.411864662581466,0.470286764642242,0.532160569158466,0.5956495750352695,0.6589589878742242,0.7198916058646864,0.7764796410735769,0.8270403824682575,0.8705923432780274,0.9064145548256433,0.9348961714226365,0.9564317027151005,0.9720696582971984,0.9828383705934792,0.9899325119656566,0.9943856078899765,0.9970259501120834,0.9985069976371614,0.9992940695349622,0.9996854417123222,0.9998684967846355,0.9999480153887432,0.9999805260561369,0.9999933464025135,0.9999981066999022,0.999999567245692,0.9999999459057115,1.0,1.0,1.0,1.0,1.0,1.0,1.0,1.0,1.0,1.0,1.0,1.0,1.0,1.0,1.0,1.0,1.0,1.0,1.0,1.0,1.0,1.0,1.0,1.0,1.0,1.0,1.0,1.0,1.0,1.0,1.0,1.0,1.0,1.0,1.0,1.0,1.0,1.0,1.0,1.0,1.0,1.0,1.0,1.0,1.0,1.0,1.0,1.0,1.0,1.0,1.0,1.0,1.0,1.0,1.0
108.0,0.0,0.0,0.0,0.0,0.0,0.0,0.0,0.0,0.0,0.0,0.0,0.0,0.0,7.030810629263879e-08,4.921567440484715e-07,7.030810629263879e-07,9.140053818043043e-07,1.8280107636086085e-06,2.8123242517055515e-06,4.0778701649730496e-06,6.608961991508047e-06,9.702518668384153e-06,1.3850696939649842e-05,1.989719408081678e-05,2.8966939792567183e-05,4.113024218119369e-05,6.039466330537672e-05,8.528373293297086e-05,0.00012191425631143566,0.00017513749277496324,0.00024727360983121065,0.0003443691046213448,0.0004847040847814518,0.0006723564204765048,0.0009258171436614676,0.001239883454470685,0.0016540685086406201,0.0021822933112172153,0.002844736288706458,0.0036407646681517144,0.004597587686688236,0.005750289089356049,0.007101118735556518,0.008660833765552416,0.010504242004439113,0.012575518815820252,0.014966416278407727,0.017732337179960138,0.020881015412169673,0.024532115371946404,0.0287451880253202,0.03359384595957945,0.03915064714041815,0.04547999379320038,0.05277846738312033,0.06105703597475967,0.07046587768315947,0.0811619202015649,0.09336136095682583,0.1074476603606623,0.12380519283017619,0.1428767588187985,0.16532234052029826,0.19160252633899855,0.22256052139366697,0.25869586477951273,0.30038161130852453,0.34776892340923166,0.40063829917378835,0.45811046542489897,0.5190570473646728,0.5818492874027349,0.6447193585144628,0.7055760866943948,0.7626624020581714,0.8141952910302114,0.859044691418073,0.8965213025476635,0.9266072661599842,0.9498400174195364,0.9670806900121921,0.9792286652336468,0.9874419879026466,0.9927470157548514,0.9960115617462312,0.9979005999461018,0.9989572604755739,0.999504820007381,0.9997838025731501,0.9999083182293944,0.9999645647144285,0.9999885397786743,0.9999965549027917,0.9999988750702993,0.9999999296918937,1.0,1.0,1.0,1.0,1.0,1.0,1.0,1.0,1.0,1.0,1.0,1.0,1.0,1.0,1.0,1.0,1.0,1.0,1.0,1.0,1.0,1.0,1.0,1.0,1.0,1.0,1.0,1.0,1.0,1.0,1.0,1.0,1.0,1.0,1.0,1.0,1.0,1.0,1.0,1.0,1.0,1.0,1.0,1.0,1.0,1.0,1.0,1.0,1.0,1.0,1.0,1.0,1.0
111.0,0.0,0.0,0.0,0.0,0.0,0.0,0.0,0.0,0.0,0.0,0.0,0.0,0.0,9.896326087903127e-08,9.896326087903127e-08,2.9688978263709383e-07,5.937795652741877e-07,7.917060870322502e-07,1.5834121740645004e-06,2.0782284784596564e-06,3.7606039134031883e-06,6.036758913620907e-06,9.104620000870878e-06,1.2271444348999878e-05,1.721960739295144e-05,2.6027337611185224e-05,3.8595671742822194e-05,5.433083022258816e-05,7.897268218146696e-05,0.00011054196240187793,0.00015576817262359522,0.0002209849615428768,0.0003140104267691662,0.0004377145028679553,0.0006192131233200987,0.0008618710389954833,0.001180532739025964,0.0015925167940653712,0.0021199909745506077,0.0027705754515693595,0.0036097839038235447,0.004600801998266164,0.0057739124927262,0.0071408920152482595,0.008723908336269244,0.010522664566006515,0.012570907176419826,0.014831821834462175,0.017383688479488874,0.02027212917476516,0.023495956361160482,0.02717926996781715,0.03134710769973755,0.036123668449324874,0.04153210961962481,0.04768297317303924,0.05477537319045678,0.06278654812187523,0.07204426428732598,0.08255614185789667,0.09473465970493114,0.1086864012603961,0.12485501882281222,0.1438211298437568,0.1659426844378293,0.191926280287706,0.22233165359691867,0.25766401181225485,0.29836354351810435,0.3445077369477355,0.3959090567217826,0.45190256869039935,0.5113602896060866,0.5727358195543486,0.6345109631500402,0.6948985428649468,0.7518230022286526,0.8036841053127437,0.8494203721810315,0.888113918588863,0.9196539056840538,0.9442686417094518,0.9627776414283962,0.9760992839018443,0.9852663497203298,0.9913041972298204,0.9950696503430067,0.9973132464303952,0.9986202542168245,0.99932675293624,0.9996849009773612,0.9998631338102043,0.9999396324108638,0.9999738736991279,0.9999900047106512,0.9999970311021736,0.9999993072571739,0.9999999010367391,1.0,1.0,1.0,1.0,1.0,1.0,1.0,1.0,1.0,1.0,1.0,1.0,1.0,1.0,1.0,1.0,1.0,1.0,1.0,1.0,1.0,1.0,1.0,1.0,1.0,1.0,1.0,1.0,1.0,1.0,1.0,1.0,1.0,1.0,1.0,1.0,1.0,1.0,1.0,1.0,1.0,1.0,1.0,1.0,1.0,1.0,1.0,1.0,1.0,1.0
114.0,0.0,0.0,0.0,0.0,0.0,0.0,0.0,0.0,0.0,0.0,0.0,0.0,0.0,0.0,0.0,0.0,4.213689687879364e-07,4.213689687879364e-07,1.123650583434497e-06,1.96638852101037e-06,2.528213812727618e-06,3.511408073232803e-06,5.477796594243173e-06,8.848748344546664e-06,1.3624263324143276e-05,2.0085254178891634e-05,2.8231720908791736e-05,4.031096468071258e-05,5.885119930738178e-05,8.23074052365769e-05,0.00011615737906254113,0.00016615983002537624,0.0002236064661034649,0.0003105489299967091,0.00043372912520571585,0.000602557625366749,0.0008264450041160726,0.0011177514178714659,0.0014885561104048498,0.0019897042706166356,0.002606869353568033,0.0033819073434919775,0.00432268379447251,0.0054610822918145846,0.00678305720322527,0.00829801910234083,0.010038834768726726,0.012005504202382954,0.014178082605453553,0.016523703198373065,0.019146303660109183,0.022043636689495032,0.02525629416385719,0.028830626669762324,0.032905826423233385,0.03753245770052493,0.042788473760862714,0.04877008718545333,0.0555766005946078,0.06344103102806584,0.07235143969837847,0.0827381847790011,0.09457696732606696,0.10826696420934116,0.1242510342150198,0.14276711035414516,0.1645226711253122,0.19018867638315418,0.22009014205892957,0.2549358107581397,0.2949662841619624,0.3402656956078325,0.3907655024101603,0.4457513437105274,0.5043255631490926,0.5651938557100622,0.6266227094558428,0.6866489663608512,0.7434368622844013,0.7956385783516636,0.8418641587909295,0.8812658092369977,0.9136019448144298,0.9392999741138996,0.9587526130143177,0.9730460102608962,0.9830379326177645,0.9897766056229441,0.9941040649323962,0.9967717518737927,0.9983025853373992,0.9991529079164133,0.9996002613049432,0.999825272334276,0.9999276649936915,0.9999699423468932,0.9999897466884261,0.9999969099608955,0.9999991572620625,0.9999994381747083,0.9999998595436771,1.0,1.0,1.0,1.0,1.0,1.0,1.0,1.0,1.0,1.0,1.0,1.0,1.0,1.0,1.0,1.0,1.0,1.0,1.0,1.0,1.0,1.0,1.0,1.0,1.0,1.0,1.0,1.0,1.0,1.0,1.0,1.0,1.0,1.0,1.0,1.0,1.0,1.0,1.0,1.0,1.0,1.0,1.0,1.0,1.0,1.0,1.0
117.0,0.0,0.0,0.0,0.0,0.0,0.0,0.0,0.0,0.0,0.0,0.0,0.0,0.0,0.0,0.0,0.0,2.129662363328918e-07,4.259324726657836e-07,6.388987089986754e-07,1.064831181664459e-06,1.4907636543302425e-06,2.129662363328918e-06,3.4074597813262687e-06,5.111189671989403e-06,6.8149195626525374e-06,1.1500176761976157e-05,1.682433267029845e-05,2.150958986962207e-05,2.9815273086604848e-05,4.4509943393574384e-05,6.495470208153199e-05,8.838098807815009e-05,0.00012820567427240085,0.00018102130088295802,0.0002455500704918242,0.0003471349652226136,0.00048045182916700384,0.0006608342313409632,0.0008968008211978074,0.0012196576354784711,0.0016438863782535916,0.002192274436810788,0.0028635440137320628,0.0036862325846860238,0.00467205329267098,0.00586956243957083,0.007271519173350257,0.008897516387751886,0.010709859058944796,0.012705991592092989,0.014916368158992074,0.017329914515352735,0.019980918225224572,0.02286767555871692,0.026025964843533707,0.029464304729128244,0.033369679571000815,0.03775209878225906,0.04269206360023682,0.04832480758500547,0.05478705506029074,0.062206159835419696,0.07072544818744436,0.08063860055626781,0.09216646292896724,0.10550773280404124,0.1211264636104592,0.13921049156866672,0.16050349477593823,0.1852855238330515,0.2143266646505863,0.24791356978264667,0.2865865345708091,0.33026058548677695,0.3790481687033338,0.4321634388084113,0.4888403562499201,0.5482909459534285,0.6086123545973021,0.6684526725132998,0.7254430762546906,0.7784201312723881,0.8261978285962543,0.8676404192879261,0.9022401918399857,0.9302005290081311,0.9518123426711929,0.9680288697029973,0.9795175462882114,0.9875042060831676,0.9926473406906069,0.9958501399188173,0.9977566136664693,0.9988423155392944,0.9994301023515731,0.9997363477994199,0.9998818037388353,0.9999512307318797,0.9999793422750757,0.9999908424518377,0.999996805506455,0.9999991481350546,0.9999997870337637,1.0,1.0,1.0,1.0,1.0,1.0,1.0,1.0,1.0,1.0,1.0,1.0,1.0,1.0,1.0,1.0,1.0,1.0,1.0,1.0,1.0,1.0,1.0,1.0,1.0,1.0,1.0,1.0,1.0,1.0,1.0,1.0,1.0,1.0,1.0,1.0,1.0,1.0,1.0,1.0,1.0,1.0,1.0,1.0,1.0
120.0,0.0,0.0,0.0,0.0,0.0,0.0,0.0,0.0,0.0,0.0,0.0,0.0,0.0,0.0,0.0,0.0,0.0,0.0,0.0,0.0,0.0,3.4852799202567953e-07,1.0455839760770386e-06,2.7882239362054362e-06,4.530863896333834e-06,7.31908783253927e-06,1.0107311768744706e-05,1.428964767305286e-05,2.0214623537489413e-05,2.6488127393951644e-05,3.450427121054227e-05,4.7051278923466735e-05,6.273503856462232e-05,8.504083005426581e-05,0.00011989362925683376,0.00016555079621219778,0.00023246817068112825,0.00032238839262375355,0.0004478584697529982,0.0006283959696223002,0.0008716685080562245,0.001183252532927182,0.00156175393226707,0.0020747871365288705,0.002675649394781142,0.003446593313141945,0.004391104171531536,0.0055318362894315855,0.006846832403344475,0.008422875983284598,0.01020385402253582,0.012148640218039112,0.014304634376709965,0.016719933361447923,0.019421373827638966,0.02224061675513469,0.025360987867740596,0.028799565037065954,0.0326302361974202,0.03695860533038711,0.041840436914690804,0.04738586579581139,0.05361789482122257,0.06075818779385266,0.06884159751290425,0.07823721512193252,0.08917541762366644,0.10176599133559412,0.11645644619947651,0.13378978882688963,0.1538925348789388,0.1775164592344234,0.20525161978384293,0.23747860909448942,0.2748537053753472,0.31704232175407165,0.36420687227494675,0.4162393132604445,0.4722655365065645,0.530781992255708,0.5912937707591985,0.6512768322987861,0.7094147866485897,0.7637255551179593,0.8131998006419886,0.8563942688056991,0.8931549102366156,0.9231324998867284,0.9465448677510534,0.9640814021978176,0.9768765618410643,0.9856807274476249,0.9914826729308764,0.9952021636617745,0.9973898738677197,0.9986473628629483,0.9993367512311752,0.9996978262309137,0.9998584976352376,0.9999407502413556,0.9999749059845742,0.9999937264961435,0.9999982573600399,0.999999302944016,1.0,1.0,1.0,1.0,1.0,1.0,1.0,1.0,1.0,1.0,1.0,1.0,1.0,1.0,1.0,1.0,1.0,1.0,1.0,1.0,1.0,1.0,1.0,1.0,1.0,1.0,1.0,1.0,1.0,1.0,1.0,1.0,1.0,1.0,1.0,1.0,1.0,1.0,1.0,1.0,1.0,1.0,1.0,1.0
123.0,0.0,0.0,0.0,0.0,0.0,0.0,0.0,0.0,0.0,0.0,0.0,0.0,0.0,0.0,0.0,0.0,0.0,0.0,0.0,0.0,0.0,5.884963095396429e-07,5.884963095396429e-07,5.884963095396429e-07,5.884963095396429e-07,1.7654889286189286e-06,2.942481547698214e-06,4.1194741667775e-06,5.884963095396428e-06,1.1181429881253214e-05,1.824338559572893e-05,2.3539852381585714e-05,3.119030440560107e-05,4.5902712144092145e-05,6.120361619212286e-05,8.121249071647072e-05,0.00011593377297930965,0.00015830550726616394,0.00022009761976782643,0.00030013311786521786,0.0004219518539399239,0.0005773148796583896,0.0007797576101400268,0.0010604703497904364,0.0014212185875382376,0.001939683836242663,0.0025322996199490834,0.0032667430142545575,0.0041953901907081145,0.005334719045976863,0.006576446259105509,0.008037094099382903,0.009680175795617585,0.011532762178048382,0.013569547905365086,0.015779351547686445,0.018221022735966423,0.0207962825865119,0.02370992781504267,0.02692664864298636,0.030490582293558437,0.03449059170949939,0.03904908412319346,0.044274931351905494,0.050240518441708855,0.057155350078799655,0.06508004138306049,0.07440653089664474,0.08522603554753108,0.09793579034465875,0.1126464325942212,0.12987819303385148,0.14988706755819933,0.17348223859288178,0.20091675955100086,0.23276147185281001,0.2692994422231978,0.3109661579312236,0.3575020921043804,0.40833758031503387,0.46334844984187107,0.5212482477522383,0.5808340875894368,0.6400668296409113,0.6977912556510358,0.7524525583700065,0.802257589542656,0.8463153657563414,0.884193342223551,0.9154330803191533,0.9401216774969604,0.9591577676216393,0.9730792363201091,0.9829718592834704,0.989541832083171,0.9938784613881686,0.9966061417828849,0.9981432941434024,0.9990660563567606,0.9995350879154636,0.9998010882473756,0.9999176105166645,0.9999652787177372,0.999984699095952,0.9999917610516664,0.9999952920295236,0.999998823007381,0.9999994115036904,1.0,1.0,1.0,1.0,1.0,1.0,1.0,1.0,1.0,1.0,1.0,1.0,1.0,1.0,1.0,1.0,1.0,1.0,1.0,1.0,1.0,1.0,1.0,1.0,1.0,1.0,1.0,1.0,1.0,1.0,1.0,1.0,1.0,1.0,1.0,1.0,1.0,1.0,1.0,1.0
126.0,0.0,0.0,0.0,0.0,0.0,0.0,0.0,0.0,0.0,0.0,0.0,0.0,0.0,0.0,0.0,0.0,0.0,0.0,0.0,0.0,0.0,0.0,0.0,0.0,0.0,0.0,0.0,9.038910702793385e-07,2.7116732108380157e-06,4.519455351396693e-06,8.135019632514047e-06,1.17505839136314e-05,1.7173930335307432e-05,2.35011678272628e-05,3.886731602201156e-05,5.332957314648097e-05,7.05035034817884e-05,9.490856237933054e-05,0.0001337758784013421,0.0001898171247586611,0.00027116732108380153,0.0003877692691498362,0.000536911295745927,0.0007240167472937502,0.0009789140291125236,0.0013178731804672755,0.001746317547779682,0.0023736179505535427,0.003067806292528075,0.003943676739628754,0.005026538241823401,0.006254022315262743,0.007739115343731696,0.009475490089738305,0.011471281572915085,0.013672256329045274,0.0160160458742796,0.018519824138953367,0.02132730980324099,0.024269475237000238,0.027392418884815355,0.030776587051941195,0.034487059895437884,0.03861332263126306,0.043046908330983215,0.048027348128222375,0.05379778872088567,0.06028049547692908,0.06801057190995799,0.07702507755385384,0.0873945159120984,0.09961693096441562,0.1139228149337267,0.1303944219074271,0.14966989898113398,0.17236660375584817,0.19897806075594218,0.22962810305804426,0.2650389396273076,0.30530186346183047,0.35014480334945874,0.3994583884706886,0.4531151701846107,0.5098108336768119,0.5684263618022865,0.627035562690269,0.6851141795199976,0.7400355048412406,0.7908658191783992,0.8364969520793111,0.8758171175275326,0.9085415898359257,0.9343675654959469,0.9545686270256198,0.9696274522564736,0.9804181038534684,0.9878860518761163,0.9927598325270625,0.9958972384320021,0.9977357528689502,0.998844827212183,0.9994495303381998,0.9997333521342676,0.9998725513590906,0.9999475743179238,0.999977402723243,0.9999936727625081,0.9999972883267891,0.9999990961089297,1.0,1.0,1.0,1.0,1.0,1.0,1.0,1.0,1.0,1.0,1.0,1.0,1.0,1.0,1.0,1.0,1.0,1.0,1.0,1.0,1.0,1.0,1.0,1.0,1.0,1.0,1.0,1.0,1.0,1.0,1.0,1.0,1.0,1.0,1.0,1.0,1.0,1.0,1.0
129.0,0.0,0.0,0.0,0.0,0.0,0.0,0.0,0.0,0.0,0.0,0.0,0.0,0.0,0.0,0.0,0.0,0.0,0.0,0.0,0.0,0.0,0.0,0.0,0.0,0.0,0.0,0.0,0.0,0.0,0.0,1.675664987650349e-06,1.675664987650349e-06,6.702659950601396e-06,1.0053989925902095e-05,2.5134974814755237e-05,3.518896474065733e-05,4.1891624691258726e-05,5.194561461716082e-05,6.870226449366431e-05,9.383723930841955e-05,0.00012567487407377618,0.00015918817382678315,0.00020443112849334257,0.00029156570785116075,0.00041556491693728656,0.0005445911209863635,0.0007691302293315102,0.0010623716021703213,0.0014276665694780975,0.0019286904007855517,0.0025369567913026284,0.0032440874160910758,0.004090298234854502,0.005085643237518809,0.0063457433082318715,0.007847139137166585,0.009378696935879003,0.011097929213208261,0.012947863359574248,0.015054174249050735,0.01727778168766275,0.01964549631521269,0.022417046204786368,0.02538800022789044,0.02867565493366042,0.0323989825362195,0.03652111840583936,0.04162184262824702,0.04715153708749317,0.053560955665255754,0.060989178555509754,0.06976631176082228,0.07978343705699607,0.09140082241637594,0.10513289699017055,0.12128295614114461,0.1399934313932484,0.16174021160297464,0.18731421064449427,0.2168880220115353,0.25092580490567684,0.2898179892690414,0.3334087382577776,0.3818522130507492,0.4343725807586741,0.4896427147113332,0.546955484283938,0.6046536568037025,0.6623132890287511,0.7172315333340036,0.7688252583037578,0.8159466334214733,0.8568864803997467,0.8917285824879604,0.9204226697364849,0.9434329013468995,0.9612653281454745,0.9743723796788756,0.9834879972116934,0.9898102812100982,0.9938285258504838,0.9965263464806008,0.9981266065438069,0.999036492632101,0.9995123814885938,0.999765406901729,0.9998994601007409,0.9999547570453334,0.9999832433501235,0.999994973005037,0.9999966486700247,0.9999983243350123,1.0,1.0,1.0,1.0,1.0,1.0,1.0,1.0,1.0,1.0,1.0,1.0,1.0,1.0,1.0,1.0,1.0,1.0,1.0,1.0,1.0,1.0,1.0,1.0,1.0,1.0,1.0,1.0,1.0,1.0,1.0,1.0,1.0,1.0,1.0,1.0
132.0,0.0,0.0,0.0,0.0,0.0,0.0,0.0,0.0,0.0,0.0,0.0,0.0,0.0,0.0,0.0,0.0,0.0,0.0,0.0,0.0,0.0,0.0,0.0,0.0,0.0,3.097835851873881e-06,3.097835851873881e-06,3.097835851873881e-06,3.097835851873881e-06,3.097835851873881e-06,3.097835851873881e-06,6.195671703747762e-06,1.2391343407495523e-05,1.2391343407495523e-05,1.5489179259369403e-05,2.1684850963117166e-05,2.4782686814991047e-05,2.7880522666864928e-05,3.0978358518738806e-05,4.9565373629982094e-05,5.5761045333729856e-05,6.195671703747761e-05,9.293507555621643e-05,0.0001146199265193336,0.0001610874642974418,0.00021375067377929778,0.0003407619437061269,0.0004956537362998209,0.0006474476930416411,0.0008673940385246867,0.0011895689671195702,0.0016015811354187963,0.002183974275571086,0.002884085178094583,0.003723598693952405,0.004668438628773939,0.005690724459892319,0.006892684770419385,0.00831768926228137,0.010173292937553825,0.01208465765816001,0.014209773052545492,0.016514562926339658,0.019203484445766188,0.02198843887660081,0.025173014132327157,0.02838546991072037,0.03195727464793095,0.03609908118188634,0.040764421974808396,0.04599976456447526,0.051969294251036226,0.058654424019380064,0.0670340699986989,0.07666214382632293,0.08748908012862215,0.09996406510411826,0.11488324256674287,0.13261835281872084,0.15317249369590405,0.17757724453696647,0.20580782265509315,0.23931091739310917,0.2770642429198962,0.3200684002156094,0.3676790394230591,0.4203732272634338,0.47632324058412795,0.5349807624393599,0.5945924177369689,0.6533397768319053,0.7096615304548243,0.7627739261352019,0.8117538087891799,0.8541569859296295,0.8904605242777396,0.9198620843478745,0.9435512351071541,0.9612677583440209,0.974526495790041,0.9836713072247728,0.9898731746002243,0.9940149811341796,0.9965954783987906,0.9981598855039869,0.9990830405878454,0.9995539116373302,0.999804836341332,0.9999163584319994,0.9999535324622219,0.9999752173131851,0.9999814129848887,0.9999938043282962,0.9999969021641482,1.0,1.0,1.0,1.0,1.0,1.0,1.0,1.0,1.0,1.0,1.0,1.0,1.0,1.0,1.0,1.0,1.0,1.0,1.0,1.0,1.0,1.0,1.0,1.0,1.0,1.0,1.0,1.0,1.0,1.0,1.0,1.0,1.0,1.0
135.0,0.0,0.0,0.0,0.0,0.0,0.0,0.0,0.0,0.0,0.0,0.0,0.0,0.0,0.0,0.0,0.0,0.0,0.0,0.0,0.0,0.0,0.0,0.0,0.0,0.0,0.0,0.0,0.0,0.0,0.0,0.0,0.0,0.0,0.0,0.0,0.0,0.0,0.0,1.5889409708429333e-05,2.118587961123911e-05,3.1778819416858666e-05,3.707528931966844e-05,3.707528931966844e-05,5.826116893090755e-05,0.00010063292815338577,0.00012181880776462487,0.00014300468737586398,0.0002489340854320595,0.000333677603877016,0.0005031646407669288,0.0007415057863933688,0.0010169222213394773,0.0013823786446333518,0.001949100924233998,0.002542305553348693,0.00333677603877016,0.0043536982601096366,0.005423585180477212,0.006790074415402135,0.008236010698869204,0.009856730489128995,0.011800534943460185,0.014083313471571197,0.01637668493948783,0.01881306109478033,0.021334180768517782,0.024114827467492914,0.027260930589761923,0.030332883133391594,0.03390800031778819,0.03797039273324329,0.04233998040306136,0.04757289266703742,0.053563200127115275,0.060347978072614605,0.06795370885304944,0.07725960647228622,0.08804851566430974,0.10029395407960594,0.11524588861523795,0.13283546516246922,0.15348640131352453,0.17776541934800455,0.20577315219406267,0.23804454331188263,0.27469081856942346,0.3169672413336511,0.3635708800084744,0.41507375334339663,0.46998225682582556,0.5258970895897884,0.5844124890760308,0.642265829824422,0.6984454860835253,0.7511665474960939,0.7997086941553455,0.8422287545351024,0.87890680861206,0.909398585842536,0.9342390296867138,0.9534864013135246,0.9681894017637245,0.9786975980508991,0.9863509970604593,0.9915521305050184,0.9949895394719419,0.9970074945049124,0.9983792802097402,0.9991472683456476,0.9995603929980668,0.9997828447339848,0.9998675882524297,0.9999417388310691,0.9999629247106804,0.9999841105902916,0.9999947035300972,1.0,1.0,1.0,1.0,1.0,1.0,1.0,1.0,1.0,1.0,1.0,1.0,1.0,1.0,1.0,1.0,1.0,1.0,1.0,1.0,1.0,1.0,1.0,1.0,1.0,1.0,1.0,1.0,1.0,1.0,1.0,1.0
138.0,0.0,0.0,0.0,0.0,0.0,0.0,0.0,0.0,0.0,0.0,0.0,0.0,0.0,0.0,0.0,0.0,0.0,0.0,0.0,0.0,0.0,0.0,0.0,0.0,0.0,0.0,0.0,0.0,0.0,0.0,0.0,0.0,0.0,0.0,1.1419305477840838e-05,1.1419305477840838e-05,1.1419305477840838e-05,1.1419305477840838e-05,1.1419305477840838e-05,1.1419305477840838e-05,1.1419305477840838e-05,1.1419305477840838e-05,1.1419305477840838e-05,2.2838610955681676e-05,4.567722191136335e-05,6.851583286704503e-05,0.0001484509712119309,0.0001827088876454534,0.00020554749860113509,0.0002740633314681801,0.0003311598588573843,0.0004567722191136335,0.0005823845793698827,0.0007308355505818136,0.0010163181875278346,0.0014502517956857864,0.0020212170695778284,0.002523666510602825,0.003323017894051684,0.004396432608968722,0.005504105240319284,0.007034292174349956,0.008918477578193694,0.010791243676559592,0.012972331022827192,0.015495997533430016,0.017802697239953865,0.02030352513960101,0.023318221785750992,0.02632149912642313,0.029553162576652088,0.03304747005287138,0.03714700071941625,0.04177181943794178,0.04681915245914744,0.053054093250048534,0.05934613056833883,0.06717977412613765,0.07600689726050862,0.08602162816457504,0.09818318849847553,0.11315389797992487,0.13102511105274578,0.15213940688127348,0.17631407657786252,0.20449692249717372,0.23562594922976784,0.2718023089835676,0.3141336743899236,0.3602448299094449,0.41055828984481163,0.4657477932192164,0.5219764533921047,0.5803633623003049,0.6397780087015108,0.6949560927704377,0.7482157335190873,0.7969419099930343,0.8405979148348197,0.8778248506925809,0.9092736179785545,0.9338022861449566,0.9531580089298969,0.9680830411894349,0.9793995729179751,0.986799282867616,0.9918009386669103,0.9951467951719176,0.9972822052962739,0.9985497482043142,0.9991549713946398,0.9995203891699307,0.9997373559740097,0.9998858069452216,0.9999657420835665,0.9999771613890444,0.9999885806945221,0.9999885806945221,1.0,1.0,1.0,1.0,1.0,1.0,1.0,1.0,1.0,1.0,1.0,1.0,1.0,1.0,1.0,1.0,1.0,1.0,1.0,1.0,1.0,1.0,1.0,1.0,1.0,1.0,1.0,1.0,1.0,1.0
141.0,0.0,0.0,0.0,0.0,0.0,0.0,0.0,0.0,0.0,0.0,0.0,0.0,0.0,0.0,0.0,0.0,0.0,0.0,0.0,0.0,0.0,0.0,0.0,0.0,0.0,0.0,0.0,0.0,0.0,0.0,0.0,0.0,0.0,0.0,0.0,0.0,0.0,0.0,0.0,0.0,0.0,0.0,1.714942292191868e-05,1.714942292191868e-05,3.429884584383736e-05,5.1448268765756035e-05,6.859769168767471e-05,6.859769168767471e-05,6.859769168767471e-05,0.00010289653753151207,0.00013719538337534943,0.00018864365214110544,0.0002572413438287802,0.00032583903551645487,0.00048018384181372297,0.0006516780710329097,0.0009260688377836086,0.0014234021025192503,0.0020064824818644853,0.0025895628612097204,0.0032069420863987926,0.004030114386650889,0.0050419303390440914,0.006379585326953748,0.007888734544082591,0.009226389531992249,0.011095676630481385,0.013136457958189707,0.015262986400507623,0.017080825230231002,0.019670388091440724,0.02243144518186963,0.025466893039049237,0.028725283394213784,0.03244670816827014,0.03582514448388812,0.041192913858448664,0.046440637272555776,0.05264872837029034,0.05907976196600984,0.06727718612268697,0.0765721733463669,0.08739345921009758,0.10052991716828728,0.11593009895217025,0.13494880897257808,0.1569343691584778,0.1823669633516832,0.2124813500025724,0.24787775891341257,0.2881446039340776,0.3332818850645676,0.38292946442352216,0.43564679048550015,0.492411380357051,0.5500848896434635,0.6098163296805063,0.6674555401210749,0.7230368198110133,0.7741592495412529,0.819690967398947,0.8627360189329629,0.8963488878599235,0.9243710449143386,0.9465623981753014,0.9633516832158597,0.9755963711821097,0.9848399101370239,0.9912709437327434,0.9949752190838779,0.9970502992574299,0.9983536553994958,0.9991768276997479,0.9995541150040301,0.9998113563478589,0.9999142528853904,0.9999657011541562,0.999982850577078,0.999982850577078,0.999982850577078,1.0,1.0,1.0,1.0,1.0,1.0,1.0,1.0,1.0,1.0,1.0,1.0,1.0,1.0,1.0,1.0,1.0,1.0,1.0,1.0,1.0,1.0,1.0,1.0,1.0,1.0,1.0,1.0
144.0,0.0,0.0,0.0,0.0,0.0,0.0,0.0,0.0,0.0,0.0,0.0,0.0,0.0,0.0,0.0,0.0,0.0,0.0,0.0,0.0,0.0,0.0,0.0,0.0,0.0,0.0,0.0,0.0,0.0,0.0,0.0,0.0,0.0,0.0,0.0,0.0,0.0,0.0,0.0,0.0,0.0,0.0,0.0,0.0,0.0,0.0,0.0,0.0,0.0,2.7536830510808205e-05,2.7536830510808205e-05,0.00011014732204323282,0.00019275781357565744,0.0003304419661296985,0.0004681261186837395,0.0005782734407269723,0.0007710312543026298,0.0009637890678782872,0.0012942310340079857,0.0018174308137133416,0.0025884620680159715,0.003194272339253752,0.004158061407132039,0.004874019000413053,0.006416081509018312,0.00812336500068842,0.009968332644912571,0.011950984441690762,0.013851025746936528,0.01630180366239846,0.018917802560925238,0.021616411950984443,0.02439763183257607,0.02775712515489467,0.03100647115517004,0.03480655376566157,0.03838634173206664,0.04248932947817706,0.04673000137684152,0.051906925512873466,0.057909954564229656,0.06526228831061545,0.07333057965028225,0.08310615448161916,0.09486438110973427,0.1074211758226628,0.1221258433154344,0.1406030565881867,0.16122814264078206,0.18642434255817156,0.21594382486575794,0.24854743219055486,0.286575795125981,0.32873468263802835,0.37587773647253203,0.42536142090045437,0.477819083023544,0.532369544265455,0.5884069943549497,0.6463995594107118,0.7014456836018175,0.7510119785212722,0.7976869062370922,0.8384138785625774,0.8760016522098306,0.9073110285006196,0.9334710174858873,0.9532975354536692,0.9686906237092111,0.979044471981275,0.9866997108632797,0.9916288035247143,0.9949056863555005,0.9971637064573867,0.9985956216439488,0.9993941897287623,0.9996970948643811,0.9997521685254027,0.999862315847446,0.9999724631694892,1.0,1.0,1.0,1.0,1.0,1.0,1.0,1.0,1.0,1.0,1.0,1.0,1.0,1.0,1.0,1.0,1.0,1.0,1.0,1.0,1.0,1.0,1.0,1.0,1.0,1.0,1.0,1.0
147.0,0.0,0.0,0.0,0.0,0.0,0.0,0.0,0.0,0.0,0.0,0.0,0.0,0.0,0.0,0.0,0.0,0.0,0.0,0.0,0.0,0.0,0.0,0.0,0.0,0.0,0.0,0.0,0.0,0.0,0.0,0.0,0.0,0.0,0.0,0.0,0.0,0.0,0.0,0.0,0.0,0.0,0.0,0.0,0.0,0.0,0.0,0.0,0.0,0.0,0.0,7.668123610152595e-05,0.0001533624722030519,0.0001533624722030519,0.0001533624722030519,0.00023004370830457787,0.0003067249444061038,0.00046008741660915573,0.0006901311249137336,0.0010735373054213634,0.0014569434859289933,0.002070393374741201,0.0026071620274518825,0.0031439306801625644,0.003834061805076298,0.004830917874396135,0.006134498888122076,0.007898167318457173,0.009585154512690744,0.011655547887431946,0.01403266620657925,0.016179740817421975,0.018480177900467756,0.021700789816731847,0.02461467678858983,0.02714515757994019,0.03074917567671191,0.034046468829077525,0.039107430411778235,0.0422513610919408,0.04669887278582931,0.05152979066022544,0.05751092707614447,0.06318533854765739,0.07093014339391152,0.0794417606011809,0.0897937274748869,0.10160263783452189,0.1146384479717813,0.12897783912276667,0.14853155432865578,0.17245609999233188,0.20052143240549036,0.2292768959435626,0.26393681466145236,0.3041944636147535,0.34843953684533396,0.3993558776167472,0.4555632236791657,0.5073997392837972,0.5651407100682463,0.6240318993942182,0.6802392454566367,0.7364465915190553,0.7819185645272602,0.8276972624798712,0.8651177056974159,0.8987040871098843,0.9235488076067786,0.9440226976458861,0.9620427881297446,0.9740050609615827,0.982363315696649,0.9894946706540909,0.9932520512230657,0.9960125757227206,0.9974695192086497,0.9983130128057665,0.9991565064028832,0.9994632313472893,0.9996932750555939,0.9998466375277969,0.9998466375277969,0.9999233187638985,1.0,1.0,1.0,1.0,1.0,1.0,1.0,1.0,1.0,1.0,1.0,1.0,1.0,1.0,1.0,1.0,1.0,1.0,1.0,1.0,1.0,1.0,1.0,1.0,1.0
