j_gene,v_gene,cdr3_length,0,1,2,3,4,5,6,7,8,9,10,11,12,13,14,15,16,17,18,19,20,21,22,23,24,25,26,27,28,29,30,31,32,33,34,35,36,37,38,39,40,41,42,43,44,45,46,47,48,49,50,51,52,53,54,55,56,57,58,59,60,61,62,63,64,65,66,67,68,69,70,71,72,73,74,75,76,77,78,79,80,81,82,83,84,85,86,87,88,89,90,91,92,93,94,95,96,97,98,99,100,101,102,103,104,105,106,107,108,109,110,111,112,113,114,115,116,117,118,119,120,121,122,123,124,125,126,127,128,129,130,131,132,133,134,135,136,137,138,139,140,141,142,143,144,145,146,147
,,57.0,0.0,0.0,0.0,0.0,0.0,0.0,0.0,0.0,0.0,0.0,2.97000297000297e-05,0.0002376002376002,0.0004752004752004,0.0009801009801009,0.0015444015444015,0.0029700029700029,0.0049599049599049,0.0078408078408078,0.0111375111375111,0.0169290169290169,0.0231660231660231,0.0312147312147312,0.0412533412533412,0.0535491535491535,0.067003267003267,0.0812889812889813,0.0984258984258984,0.1178497178497178,0.141015741015741,0.1726462726462726,0.2118503118503118,0.2597861597861597,0.3177606177606177,0.3876744876744877,0.4683100683100683,0.54995544995545,0.6363231363231363,0.7214434214434214,0.7947727947727947,0.858984258984259,0.9083754083754084,0.9435996435996435,0.9683397683397684,0.9827145827145828,0.9923076923076924,0.9964953964953964,0.9989010989010988,0.9995247995247996,0.9998217998218,1.0,1.0,1.0,1.0,1.0,1.0,1.0,1.0,1.0,1.0,1.0,1.0,1.0,1.0,1.0,1.0,1.0,1.0,1.0,1.0,1.0,1.0,1.0,1.0,1.0,1.0,1.0,1.0,1.0,1.0,1.0,1.0,1.0,1.0,1.0,1.0,1.0,1.0,1.0,1.0,1.0,1.0,1.0,1.0,1.0,1.0,1.0,1.0,1.0,1.0,1.0,1.0,1.0,1.0,1.0,1.0,1.0,1.0,1.0,1.0,1.0,1.0,1.0,1.0,1.0,1.0,1.0,1.0,1.0,1.0,1.0,1.0,1.0,1.0,1.0,1.0,1.0,1.0,1.0,1.0,1.0,1.0,1.0,1.0,1.0,1.0,1.0,1.0,1.0,1.0,1.0,1.0,1.0,1.0,1.0,1.0,1.0,1.0,1.0
,,60.0,0.0,0.0,0.0,0.0,0.0,0.0,0.0,0.0,1.0496924401150464e-05,3.149077320345139e-05,6.298154640690278e-05,0.0001994415636218,0.0004303739004471,0.0008607478008943,0.0016375202065794,0.002792181890706,0.0042722482312682,0.0063191484894925,0.009772636617471,0.013887430982722,0.0194927886129364,0.0258644217244347,0.0335796611592803,0.0428484454054961,0.0534293452018558,0.0653538513215627,0.0790733315138664,0.0941574118783196,0.1103646631536959,0.1301303718010623,0.154042365586883,0.1836961770201331,0.2211387063590368,0.2686057985010392,0.3260659626729368,0.3932987634623055,0.4683202821573279,0.5479394537400541,0.6284088761992737,0.7061281044653916,0.7804253353767346,0.8427245816975626,0.8932252849914974,0.931129679004052,0.959471374887158,0.9779354649087816,0.9889992232275944,0.995192408624273,0.998121050532194,0.999307202989524,0.999716583041169,0.9999160246047908,0.9999895030755988,1.0,1.0,1.0,1.0,1.0,1.0,1.0,1.0,1.0,1.0,1.0,1.0,1.0,1.0,1.0,1.0,1.0,1.0,1.0,1.0,1.0,1.0,1.0,1.0,1.0,1.0,1.0,1.0,1.0,1.0,1.0,1.0,1.0,1.0,1.0,1.0,1.0,1.0,1.0,1.0,1.0,1.0,1.0,1.0,1.0,1.0,1.0,1.0,1.0,1.0,1.0,1.0,1.0,1.0,1.0,1.0,1.0,1.0,1.0,1.0,1.0,1.0,1.0,1.0,1.0,1.0,1.0,1.0,1.0,1.0,1.0,1.0,1.0,1.0,1.0,1.0,1.0,1.0,1.0,1.0,1.0,1.0,1.0,1.0,1.0,1.0,1.0,1.0,1.0,1.0,1.0,1.0,1.0,1.0,1.0
,,63.0,0.0,0.0,0.0,0.0,0.0,0.0,0.0,0.0,6.516016368233117e-06,1.954804910469935e-05,5.864414731409805e-05,0.0001335783355487,0.0002443506138087,0.0004072510230145,0.0007884379805562,0.0012901712409101,0.0020786092214663,0.0032058800531706,0.0048153360961242,0.0072262621523705,0.0107123309093752,0.0152181562280084,0.0208186722965048,0.0276311674094925,0.0360237964917767,0.0453188938410613,0.0558520343003101,0.0677111840904944,0.0811244037845023,0.0953358354836187,0.1125609247530429,0.1327312534209086,0.1577690463158443,0.1888113482941069,0.2270701384001876,0.2736531394166862,0.3284723851226314,0.3937368050668543,0.4654944353220215,0.5432598326686997,0.6219798264133239,0.699741965751818,0.7703104230197826,0.8327403758438241,0.8841615190137357,0.9245054343576512,0.9533941929262126,0.972828211744468,0.9852770610159772,0.9926075794302396,0.9965562853493888,0.9985143482680428,0.999413558526859,0.9997947454844006,0.99994461386087,0.9999934839836316,1.0,1.0,1.0,1.0,1.0,1.0,1.0,1.0,1.0,1.0,1.0,1.0,1.0,1.0,1.0,1.0,1.0,1.0,1.0,1.0,1.0,1.0,1.0,1.0,1.0,1.0,1.0,1.0,1.0,1.0,1.0,1.0,1.0,1.0,1.0,1.0,1.0,1.0,1.0,1.0,1.0,1.0,1.0,1.0,1.0,1.0,1.0,1.0,1.0,1.0,1.0,1.0,1.0,1.0,1.0,1.0,1.0,1.0,1.0,1.0,1.0,1.0,1.0,1.0,1.0,1.0,1.0,1.0,1.0,1.0,1.0,1.0,1.0,1.0,1.0,1.0,1.0,1.0,1.0,1.0,1.0,1.0,1.0,1.0,1.0,1.0,1.0,1.0,1.0,1.0,1.0,1.0
,,66.0,0.0,0.0,0.0,0.0,0.0,0.0,0.0,4.163197335553705e-06,8.32639467110741e-06,1.1101859561476547e-05,2.220371912295309e-05,4.8570635581459896e-05,9.297807382736609e-05,0.0001790174854288,0.0003524840410768,0.0006730502359145,0.0011698584512905,0.0019303358312517,0.0030016652789342,0.0045170691090757,0.0066597280044407,0.0094684984734943,0.0131459894532334,0.0178892589508742,0.0236178184845961,0.0304732167638079,0.0386372467388287,0.0480169303358312,0.0587621426588953,0.0705786844296419,0.0837427144046627,0.0983541493200111,0.1152914238134887,0.1347432694976408,0.1586969192339717,0.1889203441576464,0.2266708298640022,0.2727810158201498,0.3281182348043297,0.3921967804607271,0.4639106300305301,0.5414168748265334,0.6207021926172633,0.6977560366361365,0.7691007493755204,0.8312836525117957,0.8831876214265889,0.9234471273938384,0.952729669719678,0.9726963641409936,0.9852345267832362,0.9926200388565084,0.9965917291146268,0.9985387177352206,0.9994102137107964,0.9998112683874548,0.9999347765750763,0.9999805717457674,0.9999972245351096,1.0,1.0,1.0,1.0,1.0,1.0,1.0,1.0,1.0,1.0,1.0,1.0,1.0,1.0,1.0,1.0,1.0,1.0,1.0,1.0,1.0,1.0,1.0,1.0,1.0,1.0,1.0,1.0,1.0,1.0,1.0,1.0,1.0,1.0,1.0,1.0,1.0,1.0,1.0,1.0,1.0,1.0,1.0,1.0,1.0,1.0,1.0,1.0,1.0,1.0,1.0,1.0,1.0,1.0,1.0,1.0,1.0,1.0,1.0,1.0,1.0,1.0,1.0,1.0,1.0,1.0,1.0,1.0,1.0,1.0,1.0,1.0,1.0,1.0,1.0,1.0,1.0,1.0,1.0,1.0,1.0,1.0,1.0,1.0,1.0,1.0,1.0,1.0,1.0
,,69.0,0.0,0.0,0.0,0.0,0.0,0.0,0.0,0.0,6.740802007141206e-07,2.0222406021423617e-06,5.3926416057129645e-06,1.2133443612854173e-05,2.494096742642246e-05,5.055601505355904e-05,0.0001159417945228,0.0002217723860349,0.0004057962808299,0.0007226139751655,0.0012194110830918,0.0020330258853537,0.0031540212591413,0.0047428282922245,0.0069868412804018,0.0100458172312425,0.0140127792124451,0.0191283738556646,0.0254033864441123,0.0329018545968562,0.0418165652513004,0.0518724936855537,0.0630709880600174,0.0754848490363686,0.0887716438726446,0.103517148263266,0.1201622106594998,0.1395514535528408,0.1626825156403458,0.1917111054038987,0.2274373560417471,0.2710341671031336,0.3233097607487143,0.3841387580611566,0.452963020634269,0.5272156510637322,0.6044679383863734,0.6810670419945224,0.7532246311601661,0.8172568575864019,0.8710558724855966,0.9139482697372368,0.9456509356570226,0.9677135806263958,0.9819932955983236,0.9906080405634502,0.9955328705098676,0.9980323598941154,0.9992025631225552,0.99970744919289,0.9999015842906958,0.9999676441503658,0.9999946073583944,0.9999993259197992,1.0,1.0,1.0,1.0,1.0,1.0,1.0,1.0,1.0,1.0,1.0,1.0,1.0,1.0,1.0,1.0,1.0,1.0,1.0,1.0,1.0,1.0,1.0,1.0,1.0,1.0,1.0,1.0,1.0,1.0,1.0,1.0,1.0,1.0,1.0,1.0,1.0,1.0,1.0,1.0,1.0,1.0,1.0,1.0,1.0,1.0,1.0,1.0,1.0,1.0,1.0,1.0,1.0,1.0,1.0,1.0,1.0,1.0,1.0,1.0,1.0,1.0,1.0,1.0,1.0,1.0,1.0,1.0,1.0,1.0,1.0,1.0,1.0,1.0,1.0,1.0,1.0,1.0,1.0,1.0,1.0,1.0,1.0,1.0,1.0,1.0
,,72.0,0.0,0.0,0.0,0.0,0.0,0.0,0.0,0.0,3.5382536524507893e-07,3.5382536524507893e-07,3.5382536524507893e-07,4.245904382940947e-06,9.90711022686221e-06,1.8752744357989183e-05,4.0336091637939e-05,8.597956375455417e-05,0.0001783279840835,0.0003301190657736,0.0005915960106897,0.0010066331641222,0.0016463494244853,0.0026289224637709,0.0040187484984536,0.0060596132051872,0.0087493936317803,0.0123566432304538,0.0168909152860695,0.0224884325642467,0.0295072663346133,0.037617651356761,0.0468857529739906,0.0570872459047367,0.0684903297758551,0.0808441424033871,0.0943064899002318,0.1092191675692162,0.1264228644781624,0.1468173585308888,0.1715929182560797,0.2019500731180117,0.2392860794840377,0.2845874024724609,0.3382213128124057,0.4000639716260363,0.4687099845625993,0.5422076509074029,0.61796272308247,0.6925215116976435,0.7619792000220788,0.8239750652188604,0.8761480306257083,0.91702936715149,0.9475726341555408,0.9687140535542996,0.9825118274973969,0.9908861662420172,0.9955343700652418,0.9979633811976494,0.9991186210151743,0.9996532511420598,0.99987722259826,0.9999575409561706,0.9999858469853902,0.9999946926195212,0.9999989385239044,0.9999996461746348,0.9999996461746348,1.0,1.0,1.0,1.0,1.0,1.0,1.0,1.0,1.0,1.0,1.0,1.0,1.0,1.0,1.0,1.0,1.0,1.0,1.0,1.0,1.0,1.0,1.0,1.0,1.0,1.0,1.0,1.0,1.0,1.0,1.0,1.0,1.0,1.0,1.0,1.0,1.0,1.0,1.0,1.0,1.0,1.0,1.0,1.0,1.0,1.0,1.0,1.0,1.0,1.0,1.0,1.0,1.0,1.0,1.0,1.0,1.0,1.0,1.0,1.0,1.0,1.0,1.0,1.0,1.0,1.0,1.0,1.0,1.0,1.0,1.0,1.0,1.0,1.0,1.0,1.0,1.0,1.0,1.0,1.0,1.0
,,75.0,0.0,0.0,0.0,0.0,0.0,0.0,0.0,0.0,1.961083859671899e-07,1.961083859671899e-07,3.922167719343798e-07,1.764975473704709e-06,3.529950947409418e-06,6.863793508851646e-06,1.3335370245768913e-05,2.9220149509111293e-05,5.8636407404189776e-05,0.0001170767064224,0.0002137581407042,0.0003924128803203,0.0006797116657622,0.001117229474855,0.0017694859665819,0.002719042771435,0.0041184722136969,0.0060334706026665,0.0086183752381,0.0120090892314728,0.0163166099292421,0.0217121399523574,0.0283217769929955,0.0361586603130164,0.0451770966584896,0.055425132583977,0.0667949084771968,0.0792707356672715,0.0930724516548704,0.1084651949778211,0.1261053404039558,0.14656983880479,0.1710941730119169,0.2008000829930689,0.2371168066651749,0.2807093475650496,0.3320913135555411,0.3911630815765781,0.45698274305036,0.5275747020966536,0.6004850544818513,0.6731355632556424,0.7418397829786157,0.8039484854647406,0.8573323258591852,0.9008803501554452,0.9345972649547842,0.959122971920613,0.9759378932585976,0.986706793057214,0.993138755900166,0.9967147923182776,0.9985635060727904,0.9994093215414668,0.9997770247651552,0.9999241060546308,0.999976074776912,0.999994116748421,0.99999901945807,0.999999607783228,0.999999803891614,1.0,1.0,1.0,1.0,1.0,1.0,1.0,1.0,1.0,1.0,1.0,1.0,1.0,1.0,1.0,1.0,1.0,1.0,1.0,1.0,1.0,1.0,1.0,1.0,1.0,1.0,1.0,1.0,1.0,1.0,1.0,1.0,1.0,1.0,1.0,1.0,1.0,1.0,1.0,1.0,1.0,1.0,1.0,1.0,1.0,1.0,1.0,1.0,1.0,1.0,1.0,1.0,1.0,1.0,1.0,1.0,1.0,1.0,1.0,1.0,1.0,1.0,1.0,1.0,1.0,1.0,1.0,1.0,1.0,1.0,1.0,1.0,1.0,1.0,1.0,1.0,1.0,1.0,1.0
,,78.0,0.0,0.0,0.0,0.0,0.0,0.0,0.0,1.1206741975972745e-07,1.1206741975972745e-07,4.482696790389098e-07,6.724045185583647e-07,1.681011296395912e-06,2.3534158149542764e-06,4.370629370629371e-06,8.85332616101847e-06,1.7370450062757754e-05,2.880132687824996e-05,5.401649632418863e-05,9.929173390711852e-05,0.0001819974896897,0.0003128922359691,0.0005325443786982,0.0008877980993365,0.001423032096109,0.0022294692487,0.003364712210866,0.0049557333691949,0.0071236776044468,0.0099728796844181,0.0136907163349471,0.0183646001434462,0.02415108929532,0.0311081226465841,0.0392193383539537,0.0484559350905504,0.0589200062757755,0.0703871929352698,0.0829814416352877,0.0968371212121212,0.1123143042854581,0.1298295454545454,0.15027983234714,0.1747605119239734,0.2043620001793078,0.240346064192218,0.2833061009503317,0.3341043571812802,0.3922855029585799,0.4572660032275417,0.5270982383001613,0.5993563968083199,0.6714042047695894,0.7398898377263762,0.8020467993544916,0.8555621301775148,0.8994847140039448,0.9335669939035324,0.9583917204590282,0.97546171776941,0.9863830240272548,0.992866124260355,0.9965314012910168,0.9984549264837728,0.9993532589205666,0.9997507620584544,0.9999199838622916,0.9999763537744308,0.9999940604267528,0.999999103460642,0.9999997758651604,1.0,1.0,1.0,1.0,1.0,1.0,1.0,1.0,1.0,1.0,1.0,1.0,1.0,1.0,1.0,1.0,1.0,1.0,1.0,1.0,1.0,1.0,1.0,1.0,1.0,1.0,1.0,1.0,1.0,1.0,1.0,1.0,1.0,1.0,1.0,1.0,1.0,1.0,1.0,1.0,1.0,1.0,1.0,1.0,1.0,1.0,1.0,1.0,1.0,1.0,1.0,1.0,1.0,1.0,1.0,1.0,1.0,1.0,1.0,1.0,1.0,1.0,1.0,1.0,1.0,1.0,1.0,1.0,1.0,1.0,1.0,1.0,1.0,1.0,1.0,1.0,1.0,1.0
,,81.0,0.0,0.0,0.0,0.0,0.0,0.0,0.0,0.0,0.0,0.0,8.277412513957787e-08,3.310965005583115e-07,1.324386002233246e-06,2.897094379885225e-06,5.46309225921214e-06,1.1340055144122168e-05,1.9120822907242487e-05,3.2944101805551993e-05,5.61208568446338e-05,9.485914740995624e-05,0.0001616578663975,0.0002696780997047,0.0004365507359861,0.0007090431559456,0.0011265558431496,0.0017205429651512,0.002602252946138,0.0038404710841009,0.0055457836102265,0.0078111458670465,0.0108481285184176,0.0147194743511957,0.0195597740928576,0.0254509741272917,0.0325059783611882,0.0407121223534008,0.0501007774973574,0.0605698005226358,0.072102636604208,0.0847148472776004,0.0986693231642561,0.1142833374858352,0.132109738624145,0.1529903394318549,0.1778195143310981,0.2075574431734937,0.243399301551932,0.2860381572162068,0.3358466592776964,0.3927817651913282,0.4560588590249042,0.5240111182204887,0.5945604983664526,0.665027683806153,0.7322748730037985,0.7938533590153852,0.8474564752956485,0.8918176121817024,0.9267936532111808,0.9528158515760607,0.9711542106783588,0.9832341009529784,0.9908296202240364,0.9952511656666172,0.9976932506806102,0.9989582048609932,0.999555834044501,0.9998236911134528,0.9999344428928896,0.9999793892428402,0.9999927158769876,0.9999977650986211,0.999999420581124,1.0,1.0,1.0,1.0,1.0,1.0,1.0,1.0,1.0,1.0,1.0,1.0,1.0,1.0,1.0,1.0,1.0,1.0,1.0,1.0,1.0,1.0,1.0,1.0,1.0,1.0,1.0,1.0,1.0,1.0,1.0,1.0,1.0,1.0,1.0,1.0,1.0,1.0,1.0,1.0,1.0,1.0,1.0,1.0,1.0,1.0,1.0,1.0,1.0,1.0,1.0,1.0,1.0,1.0,1.0,1.0,1.0,1.0,1.0,1.0,1.0,1.0,1.0,1.0,1.0,1.0,1.0,1.0,1.0,1.0,1.0,1.0,1.0,1.0,1.0
,,84.0,0.0,0.0,0.0,0.0,0.0,0.0,0.0,0.0,5.7718588519622695e-08,1.1543717703924542e-07,2.8859294259811336e-07,6.349044737158494e-07,9.812160048335855e-07,1.616120478549435e-06,2.7704922489418886e-06,5.887296029001513e-06,1.0273908756492837e-05,1.7315576555886803e-05,3.001366603020379e-05,5.131182519394456e-05,8.790541031538534e-05,0.0001439501597679,0.0002331253790307,0.000375113106789,0.0005916732509146,0.0009225739188976,0.0014074677810509,0.00211515539489,0.0031210172370215,0.0045057438941958,0.0064000679694098,0.0088888357877874,0.0121077437509382,0.0161950855969553,0.0212400365451015,0.027367037872225,0.0345626411472008,0.0428862387976156,0.0523092601221521,0.0627745059995875,0.0743545864142794,0.0869219432855994,0.1007412740604986,0.1161954838552161,0.1337404340818799,0.1541549793739738,0.1783683312880751,0.2073547795983952,0.2422660410202545,0.283913523471062,0.3326853267400235,0.3884754217800286,0.4506702599951135,0.517622956899048,0.5875532980661213,0.6575889179386545,0.7248703799227968,0.7868548338827277,0.8413348324005143,0.8867253653168193,0.9226432966410494,0.9497156811188816,0.9689307187043608,0.9818060042454332,0.9899297224238044,0.9947265988784932,0.9974059534761626,0.9988154991264004,0.999486708592295,0.9997913473025016,0.9999216758753788,0.9999737380422236,0.9999908227444254,0.9999968254776316,0.9999986147538756,0.999999769125646,0.999999884562823,1.0,1.0,1.0,1.0,1.0,1.0,1.0,1.0,1.0,1.0,1.0,1.0,1.0,1.0,1.0,1.0,1.0,1.0,1.0,1.0,1.0,1.0,1.0,1.0,1.0,1.0,1.0,1.0,1.0,1.0,1.0,1.0,1.0,1.0,1.0,1.0,1.0,1.0,1.0,1.0,1.0,1.0,1.0,1.0,1.0,1.0,1.0,1.0,1.0,1.0,1.0,1.0,1.0,1.0,1.0,1.0,1.0,1.0,1.0,1.0,1.0,1.0,1.0,1.0,1.0,1.0,1.0,1.0,1.0,1.0,1.0
,,87.0,0.0,0.0,0.0,0.0,0.0,0.0,0.0,0.0,0.0,0.0,4.5962417634198544e-08,9.192483526839709e-08,2.7577450580519124e-07,9.192483526839708e-07,1.8384967053679417e-06,3.814880663638479e-06,6.94032506276398e-06,1.2134078255428414e-05,2.036135101194995e-05,3.557491124886967e-05,5.66716609429668e-05,9.013230098066334e-05,0.0001450573900535,0.0002239288987138,0.000349544186108,0.0005315553599395,0.0007928057417722,0.0011735584094539,0.0017228093001826,0.0024896462759916,0.0035591917343394,0.0049974477069487,0.0069283288717614,0.0094198136444584,0.01260556073552,0.0166223083374079,0.0215419876337196,0.0274736214790834,0.0344756740687301,0.042588684255013,0.0517312066338844,0.0619308646183423,0.073170284414521,0.085581102386525,0.0992443962390608,0.1145286466743019,0.1320998950861855,0.1524492958695505,0.1766206095664521,0.2056780499947924,0.2404423680462654,0.2818056023223155,0.3302270552623613,0.3855114325538751,0.4469908543062143,0.5132730729268214,0.5822543425981617,0.6513562636157917,0.717999333177245,0.7793993778343299,0.8336200468945355,0.8793602822018903,0.91607910610084,0.944156260085878,0.964538202260928,0.978550167013637,0.9876689727850092,0.9933174781377464,0.9965828321361504,0.9983568895319952,0.9992604647002656,0.9996926952756976,0.9998827958350328,0.9999588636362174,0.9999858895377864,0.999996736668348,0.9999993565261532,0.999999770187912,0.9999999540375824,1.0,1.0,1.0,1.0,1.0,1.0,1.0,1.0,1.0,1.0,1.0,1.0,1.0,1.0,1.0,1.0,1.0,1.0,1.0,1.0,1.0,1.0,1.0,1.0,1.0,1.0,1.0,1.0,1.0,1.0,1.0,1.0,1.0,1.0,1.0,1.0,1.0,1.0,1.0,1.0,1.0,1.0,1.0,1.0,1.0,1.0,1.0,1.0,1.0,1.0,1.0,1.0,1.0,1.0,1.0,1.0,1.0,1.0,1.0,1.0,1.0,1.0,1.0,1.0,1.0,1.0,1.0,1.0,1.0
,,90.0,0.0,0.0,0.0,0.0,0.0,0.0,0.0,0.0,0.0,0.0,0.0,3.954645593362143e-08,1.5818582373448573e-07,2.7682519153535e-07,7.118362068051858e-07,1.9377763407474503e-06,3.677820401826793e-06,6.129700669711322e-06,1.2338494251289889e-05,1.9535949231208988e-05,3.424723083851616e-05,5.520685248333552e-05,8.787222508450682e-05,0.000136988923354,0.0002073816149159,0.0003154620789824,0.0004692186996524,0.0006965317283588,0.0010184003332026,0.0014686367340068,0.002087538769368,0.0029465668851581,0.0041053175904692,0.0056525726788721,0.0076706283251648,0.0102507577496421,0.0135367914125345,0.0175959978353851,0.0225692019477736,0.0285193617075463,0.0354576687617324,0.0434639278584059,0.0525348170952685,0.0626182933363114,0.0737382821873745,0.0860265919860847,0.0995714113291737,0.1147676511255949,0.132065824601344,0.1522296133669552,0.1761165032264371,0.2046554008832147,0.2387528297466543,0.2791961993008503,0.3263994818465158,0.3804339005507872,0.4406901236206394,0.5058800438934024,0.5739720808348542,0.6425941589251842,0.7092519250028355,0.7712353395355885,0.826392205298624,0.8732780484425103,0.9111817050501932,0.9404642342643466,0.9619320674143688,0.9768311551409048,0.9866235694662764,0.9926652001786236,0.9962102235814252,0.9981469717143184,0.9991539035753002,0.9996390990431496,0.9998569209224322,0.999946454098666,0.9999795149358264,0.9999937516599624,0.9999978644913796,0.999999406803161,0.9999998813606322,0.999999920907088,1.0,1.0,1.0,1.0,1.0,1.0,1.0,1.0,1.0,1.0,1.0,1.0,1.0,1.0,1.0,1.0,1.0,1.0,1.0,1.0,1.0,1.0,1.0,1.0,1.0,1.0,1.0,1.0,1.0,1.0,1.0,1.0,1.0,1.0,1.0,1.0,1.0,1.0,1.0,1.0,1.0,1.0,1.0,1.0,1.0,1.0,1.0,1.0,1.0,1.0,1.0,1.0,1.0,1.0,1.0,1.0,1.0,1.0,1.0,1.0,1.0,1.0,1.0,1.0,1.0,1.0
,,93.0,0.0,0.0,0.0,0.0,0.0,0.0,0.0,0.0,0.0,0.0,0.0,3.8002750259036254e-08,1.52011001036145e-07,3.0402200207229e-07,5.700412538855437e-07,1.3680990093253049e-06,2.584187017614465e-06,4.940357533674712e-06,9.386679313981953e-06,1.6151168860090405e-05,2.6145892178216936e-05,4.3513149046596505e-05,6.722686520823512e-05,0.0001040515302092,0.0001542151605511,0.000231512754578,0.0003384144910567,0.0004912995553488,0.0007052170365569,0.0010043366838458,0.0014156024471491,0.0019751549419631,0.0027143464372516,0.0036991497074643,0.0049914712327731,0.0066618441176587,0.0088269748081668,0.0115240679968009,0.0148852592462116,0.0190231127026662,0.0239969506593192,0.0298924693180045,0.036799279163833,0.0446836337545748,0.053621424582497,0.0635784871751168,0.0746275587964301,0.0868126086284864,0.1003442099104712,0.1155487682643593,0.1328654814748943,0.152960499751367,0.176631728838216,0.2047233618296956,0.2380976811291833,0.2774589537044796,0.3233470466257643,0.375700281429367,0.4340298667414561,0.4971245789057754,0.5634185906034019,0.6304321463744331,0.6959267702203609,0.7573806756394961,0.8127846572256434,0.860697308664228,0.9002242352279034,0.9313946990343692,0.954835555449148,0.9716438298639672,0.9830413487024056,0.9903380287631416,0.9948164248646676,0.9973734399158468,0.9987481894064674,0.999445729887472,0.9997692092976768,0.9999141897899152,0.9999695217942922,0.9999907653316872,0.9999970357854798,0.999999125936744,0.9999998859917492,1.0,1.0,1.0,1.0,1.0,1.0,1.0,1.0,1.0,1.0,1.0,1.0,1.0,1.0,1.0,1.0,1.0,1.0,1.0,1.0,1.0,1.0,1.0,1.0,1.0,1.0,1.0,1.0,1.0,1.0,1.0,1.0,1.0,1.0,1.0,1.0,1.0,1.0,1.0,1.0,1.0,1.0,1.0,1.0,1.0,1.0,1.0,1.0,1.0,1.0,1.0,1.0,1.0,1.0,1.0,1.0,1.0,1.0,1.0,1.0,1.0,1.0,1.0,1.0,1.0
,,96.0,0.0,0.0,0.0,0.0,0.0,0.0,0.0,0.0,0.0,0.0,3.645893205735821e-08,7.291786411471645e-08,1.0937679617207465e-07,2.552125244015075e-07,4.739661167456569e-07,7.656375732045225e-07,1.6406519425811196e-06,3.026091360760732e-06,5.031332623915433e-06,8.823061557880687e-06,1.4620031755000644e-05,2.450040234254472e-05,3.933918768988951e-05,6.25635274104267e-05,9.668908781611398e-05,0.0001458357282294,0.0002182067083632,0.0003208386021047,0.0004623357174193,0.0006624587954821,0.0009290465066856,0.0012880211517223,0.001756263216135,0.0023809505580057,0.0032046307510456,0.0042685023884793,0.0056356394227661,0.0073768086410294,0.0095535527205819,0.0123013895118808,0.0156742782343712,0.0197804654573311,0.0246966972327415,0.0305187147161848,0.0372492887864976,0.0449382952627341,0.0536573030285231,0.0633787491312292,0.0741423008889307,0.0860423504767242,0.0993015161337519,0.114188172058888,0.1312211288553087,0.1509986775980753,0.1743038103120516,0.2019175137808382,0.2346543534644607,0.273324009326049,0.3181080833061805,0.3692989395810234,0.4263801373779852,0.4882357781635862,0.5532912371212013,0.6195189965801886,0.6846861657056275,0.7463141204605303,0.8023612335675492,0.8511711392843863,0.891971746806863,0.9245682560609968,0.9493707935735008,0.9674764450689132,0.97999910383945,0.9882832294636588,0.9934667781289136,0.9965578028476686,0.9982817634500007,0.99919403884794,0.9996412076496236,0.9998528517502164,0.9999435980321072,0.9999794007033876,0.9999931457207732,0.9999982135123292,0.9999994531160192,0.9999998541642716,1.0,1.0,1.0,1.0,1.0,1.0,1.0,1.0,1.0,1.0,1.0,1.0,1.0,1.0,1.0,1.0,1.0,1.0,1.0,1.0,1.0,1.0,1.0,1.0,1.0,1.0,1.0,1.0,1.0,1.0,1.0,1.0,1.0,1.0,1.0,1.0,1.0,1.0,1.0,1.0,1.0,1.0,1.0,1.0,1.0,1.0,1.0,1.0,1.0,1.0,1.0,1.0,1.0,1.0,1.0,1.0,1.0,1.0,1.0,1.0,1.0,1.0
,,99.0,0.0,0.0,0.0,0.0,0.0,0.0,0.0,0.0,0.0,0.0,0.0,8.101806982469432e-08,8.101806982469432e-08,1.6203613964938865e-07,4.455993840358189e-07,8.101806982469432e-07,1.4988342917568448e-06,2.2685059550914407e-06,3.84835831667298e-06,6.56246365580024e-06,1.0653876181947304e-05,1.6770740453711722e-05,2.6371381727938e-05,4.350670349586085e-05,6.854128707169139e-05,0.0001022448041187,0.000151584808642,0.0002279443394517,0.0003350907367949,0.0004806802082699,0.000678404807677,0.0009424832062706,0.0012946687557986,0.0017460204227919,0.002333847028405,0.0030809551592934,0.0040236004017037,0.0051811460743241,0.006611074497695,0.0083824535763421,0.0105497679622225,0.0131766573491835,0.0163627334540745,0.020173418368279,0.02471593950721,0.0300663728384328,0.0362694403364907,0.0433679195422511,0.051466283256753,0.0605309089810191,0.0706422881674202,0.081942486001394,0.0946790937043248,0.1090657559263401,0.1256567577921458,0.1448883005896778,0.1676251711962451,0.1946298306669679,0.2266584611565548,0.2644184314326454,0.3084114458926289,0.3585246463652397,0.4145172471469588,0.4755067184031857,0.5400357881119837,0.6060533217996009,0.6712983887004746,0.7334615687342518,0.7904846788551061,0.8407040535082222,0.8832035403600225,0.9175430492552192,0.9440521211928242,0.9636315150731486,0.9773893960552544,0.9866002593955542,0.992437813871598,0.9959441138974712,0.997953118974914,0.9990112149668244,0.9995551702876276,0.9998107822979244,0.999925058285412,0.9999731020008182,0.9999909259761796,0.999997245385626,0.999999108801232,0.9999999594909652,1.0,1.0,1.0,1.0,1.0,1.0,1.0,1.0,1.0,1.0,1.0,1.0,1.0,1.0,1.0,1.0,1.0,1.0,1.0,1.0,1.0,1.0,1.0,1.0,1.0,1.0,1.0,1.0,1.0,1.0,1.0,1.0,1.0,1.0,1.0,1.0,1.0,1.0,1.0,1.0,1.0,1.0,1.0,1.0,1.0,1.0,1.0,1.0,1.0,1.0,1.0,1.0,1.0,1.0,1.0,1.0,1.0,1.0,1.0,1.0
,,102.0,0.0,0.0,0.0,0.0,0.0,0.0,0.0,0.0,0.0,0.0,4.4189855882739215e-08,1.3256956764821766e-07,2.209492794136961e-07,3.535188470619137e-07,5.744681264756098e-07,7.512275500065666e-07,1.193126108833959e-06,2.1653029382542214e-06,3.7119478941500937e-06,5.479542129459662e-06,8.35188276183771e-06,1.2947627773642587e-05,1.9929625003115385e-05,3.097708897380019e-05,4.723895593864822e-05,7.437152745065009e-05,0.0001106955889862,0.0001676121233632,0.0002460933074109,0.000355728339856,0.0005044272049014,0.0007128265652444,0.000994492706641,0.0013525631088588,0.0018244665798306,0.0024108217775387,0.0031529904070893,0.0040719184601708,0.005203929998319,0.0065851723236457,0.0082415406916985,0.0102252233222746,0.0125958765208159,0.0153952155112757,0.0187363663247137,0.0226824320753306,0.0273124242254446,0.0326701791120914,0.0388713415881162,0.0459474190207634,0.0539389335078773,0.0629232172972529,0.0730494553423503,0.0842981599167251,0.0970219218804657,0.1115183157230865,0.1281982629144412,0.1475778567813841,0.1703900302735864,0.1972621467750154,0.2290958561051025,0.2664262532287318,0.3097231646936485,0.3590414301110031,0.4138978334067179,0.4735825087358926,0.536834940459472,0.601636756910012,0.6658233621869525,0.7273096137506104,0.7840570335491154,0.8343888816908523,0.8773296229173542,0.9123723995816458,0.9398508892854978,0.9603873293895948,0.9749965399342844,0.9849211396669888,0.9913197866089536,0.9952559980217084,0.9975471536695169,0.998791849340166,0.9994427217274628,0.9997548788694184,0.9999030474561932,0.9999632782297616,0.999987891979488,0.9999959787231146,0.9999985859246118,0.9999996906710088,0.9999998674304325,0.9999999116202882,0.999999955810144,1.0,1.0,1.0,1.0,1.0,1.0,1.0,1.0,1.0,1.0,1.0,1.0,1.0,1.0,1.0,1.0,1.0,1.0,1.0,1.0,1.0,1.0,1.0,1.0,1.0,1.0,1.0,1.0,1.0,1.0,1.0,1.0,1.0,1.0,1.0,1.0,1.0,1.0,1.0,1.0,1.0,1.0,1.0,1.0,1.0,1.0,1.0,1.0,1.0,1.0,1.0,1.0,1.0,1.0,1.0
,,105.0,0.0,0.0,0.0,0.0,0.0,0.0,0.0,0.0,0.0,0.0,0.0,1.081885770172842e-07,1.081885770172842e-07,2.163771540345684e-07,5.409428850864211e-07,8.655086161382736e-07,1.4064515012246947e-06,2.1637715403456843e-06,3.3538458875358103e-06,5.40942885086421e-06,8.438709007348167e-06,1.2171214914444474e-05,1.74724551882914e-05,2.5694787041605e-05,3.9488830611308736e-05,5.836773730082483e-05,8.655086161382737e-05,0.0001290689723816,0.0001876530868364,0.0002729597798146,0.0003951046832671,0.0005617691861622,0.0007832312033166,0.0010788023957278,0.0014688763101636,0.0019720072875825,0.0025947948311825,0.0033776473744796,0.0043192666545495,0.0054522174330745,0.0067797994616536,0.0083384181964531,0.0101460329412579,0.0122500302928015,0.0146995819593384,0.0175510541894944,0.0208767710470057,0.0247761037398627,0.0292956274504712,0.0344999307593107,0.0404776201109582,0.0473356940080838,0.0551314923965068,0.0639518366092834,0.0739025891690251,0.0851127649538251,0.0979364110819723,0.1125582054544353,0.1293514527562121,0.1488754879304823,0.1717732215961709,0.198692000103861,0.2302994551623261,0.2672485048338656,0.3097582309869395,0.3580768723115138,0.411864662581466,0.470286764642242,0.532160569158466,0.5956495750352695,0.6589589878742242,0.7198916058646864,0.7764796410735769,0.8270403824682575,0.8705923432780274,0.9064145548256431,0.9348961714226364,0.9564317027151004,0.9720696582971984,0.9828383705934792,0.9899325119656566,0.9943856078899764,0.9970259501120834,0.9985069976371614,0.9992940695349622,0.9996854417123222,0.9998684967846356,0.9999480153887432,0.9999805260561369,0.9999933464025136,0.9999981066999022,0.999999567245692,0.9999999459057116,1.0,1.0,1.0,1.0,1.0,1.0,1.0,1.0,1.0,1.0,1.0,1.0,1.0,1.0,1.0,1.0,1.0,1.0,1.0,1.0,1.0,1.0,1.0,1.0,1.0,1.0,1.0,1.0,1.0,1.0,1.0,1.0,1.0,1.0,1.0,1.0,1.0,1.0,1.0,1.0,1.0,1.0,1.0,1.0,1.0,1.0,1.0,1.0,1.0,1.0,1.0,1.0,1.0,1.0,1.0
,,108.0,0.0,0.0,0.0,0.0,0.0,0.0,0.0,0.0,0.0,0.0,0.0,0.0,0.0,7.030810629263879e-08,4.921567440484715e-07,7.030810629263879e-07,9.140053818043044e-07,1.8280107636086083e-06,2.8123242517055515e-06,4.0778701649730496e-06,6.608961991508047e-06,9.702518668384153e-06,1.3850696939649842e-05,1.989719408081678e-05,2.8966939792567183e-05,4.113024218119369e-05,6.039466330537672e-05,8.528373293297086e-05,0.0001219142563114,0.0001751374927749,0.0002472736098312,0.0003443691046213,0.0004847040847814,0.0006723564204765,0.0009258171436614,0.0012398834544706,0.0016540685086406,0.0021822933112172,0.0028447362887064,0.0036407646681517,0.0045975876866882,0.005750289089356,0.0071011187355565,0.0086608337655524,0.0105042420044391,0.0125755188158202,0.0149664162784077,0.0177323371799601,0.0208810154121696,0.0245321153719464,0.0287451880253202,0.0335938459595794,0.0391506471404181,0.0454799937932003,0.0527784673831203,0.0610570359747596,0.0704658776831594,0.0811619202015649,0.0933613609568258,0.1074476603606623,0.1238051928301761,0.1428767588187985,0.1653223405202982,0.1916025263389985,0.2225605213936669,0.2586958647795127,0.3003816113085245,0.3477689234092316,0.4006382991737883,0.4581104654248989,0.5190570473646728,0.5818492874027349,0.6447193585144628,0.7055760866943948,0.7626624020581714,0.8141952910302114,0.859044691418073,0.8965213025476635,0.9266072661599842,0.9498400174195364,0.967080690012192,0.9792286652336468,0.9874419879026466,0.9927470157548514,0.9960115617462312,0.9979005999461018,0.998957260475574,0.999504820007381,0.99978380257315,0.9999083182293944,0.9999645647144284,0.9999885397786744,0.9999965549027916,0.9999988750702992,0.9999999296918936,1.0,1.0,1.0,1.0,1.0,1.0,1.0,1.0,1.0,1.0,1.0,1.0,1.0,1.0,1.0,1.0,1.0,1.0,1.0,1.0,1.0,1.0,1.0,1.0,1.0,1.0,1.0,1.0,1.0,1.0,1.0,1.0,1.0,1.0,1.0,1.0,1.0,1.0,1.0,1.0,1.0,1.0,1.0,1.0,1.0,1.0,1.0,1.0,1.0,1.0,1.0,1.0,1.0
,,111.0,0.0,0.0,0.0,0.0,0.0,0.0,0.0,0.0,0.0,0.0,0.0,0.0,0.0,9.896326087903129e-08,9.896326087903129e-08,2.968897826370939e-07,5.937795652741877e-07,7.917060870322502e-07,1.5834121740645004e-06,2.0782284784596564e-06,3.760603913403188e-06,6.036758913620907e-06,9.104620000870878e-06,1.2271444348999878e-05,1.721960739295144e-05,2.6027337611185224e-05,3.8595671742822194e-05,5.433083022258816e-05,7.897268218146696e-05,0.0001105419624018,0.0001557681726235,0.0002209849615428,0.0003140104267691,0.0004377145028679,0.00061921312332,0.0008618710389954,0.0011805327390259,0.0015925167940653,0.0021199909745506,0.0027705754515693,0.0036097839038235,0.0046008019982661,0.0057739124927262,0.0071408920152482,0.0087239083362692,0.0105226645660065,0.0125709071764198,0.0148318218344621,0.0173836884794888,0.0202721291747651,0.0234959563611604,0.0271792699678171,0.0313471076997375,0.0361236684493248,0.0415321096196248,0.0476829731730392,0.0547753731904567,0.0627865481218752,0.0720442642873259,0.0825561418578966,0.0947346597049311,0.1086864012603961,0.1248550188228122,0.1438211298437568,0.1659426844378293,0.191926280287706,0.2223316535969186,0.2576640118122548,0.2983635435181043,0.3445077369477355,0.3959090567217826,0.4519025686903993,0.5113602896060866,0.5727358195543486,0.6345109631500402,0.6948985428649468,0.7518230022286526,0.8036841053127437,0.8494203721810315,0.888113918588863,0.9196539056840538,0.9442686417094518,0.9627776414283962,0.9760992839018444,0.9852663497203298,0.9913041972298204,0.9950696503430068,0.9973132464303952,0.9986202542168244,0.99932675293624,0.9996849009773612,0.9998631338102044,0.9999396324108638,0.999973873699128,0.9999900047106512,0.9999970311021736,0.999999307257174,0.9999999010367392,1.0,1.0,1.0,1.0,1.0,1.0,1.0,1.0,1.0,1.0,1.0,1.0,1.0,1.0,1.0,1.0,1.0,1.0,1.0,1.0,1.0,1.0,1.0,1.0,1.0,1.0,1.0,1.0,1.0,1.0,1.0,1.0,1.0,1.0,1.0,1.0,1.0,1.0,1.0,1.0,1.0,1.0,1.0,1.0,1.0,1.0,1.0,1.0,1.0,1.0
,,114.0,0.0,0.0,0.0,0.0,0.0,0.0,0.0,0.0,0.0,0.0,0.0,0.0,0.0,0.0,0.0,0.0,4.213689687879364e-07,4.213689687879364e-07,1.123650583434497e-06,1.96638852101037e-06,2.528213812727618e-06,3.511408073232803e-06,5.477796594243173e-06,8.848748344546664e-06,1.3624263324143276e-05,2.008525417889164e-05,2.8231720908791736e-05,4.031096468071258e-05,5.885119930738178e-05,8.23074052365769e-05,0.0001161573790625,0.0001661598300253,0.0002236064661034,0.0003105489299967,0.0004337291252057,0.0006025576253667,0.000826445004116,0.0011177514178714,0.0014885561104048,0.0019897042706166,0.002606869353568,0.0033819073434919,0.0043226837944725,0.0054610822918145,0.0067830572032252,0.0082980191023408,0.0100388347687267,0.0120055042023829,0.0141780826054535,0.016523703198373,0.0191463036601091,0.022043636689495,0.0252562941638571,0.0288306266697623,0.0329058264232333,0.0375324577005249,0.0427884737608627,0.0487700871854533,0.0555766005946078,0.0634410310280658,0.0723514396983784,0.0827381847790011,0.0945769673260669,0.1082669642093411,0.1242510342150198,0.1427671103541451,0.1645226711253122,0.1901886763831541,0.2200901420589295,0.2549358107581397,0.2949662841619624,0.3402656956078325,0.3907655024101603,0.4457513437105274,0.5043255631490926,0.5651938557100622,0.6266227094558428,0.6866489663608512,0.7434368622844013,0.7956385783516636,0.8418641587909295,0.8812658092369977,0.9136019448144298,0.9392999741138996,0.9587526130143176,0.9730460102608962,0.9830379326177644,0.989776605622944,0.9941040649323962,0.9967717518737929,0.9983025853373992,0.9991529079164132,0.9996002613049432,0.999825272334276,0.9999276649936916,0.9999699423468932,0.999989746688426,0.9999969099608956,0.9999991572620625,0.9999994381747084,0.9999998595436772,1.0,1.0,1.0,1.0,1.0,1.0,1.0,1.0,1.0,1.0,1.0,1.0,1.0,1.0,1.0,1.0,1.0,1.0,1.0,1.0,1.0,1.0,1.0,1.0,1.0,1.0,1.0,1.0,1.0,1.0,1.0,1.0,1.0,1.0,1.0,1.0,1.0,1.0,1.0,1.0,1.0,1.0,1.0,1.0,1.0,1.0,1.0
,,117.0,0.0,0.0,0.0,0.0,0.0,0.0,0.0,0.0,0.0,0.0,0.0,0.0,0.0,0.0,0.0,0.0,2.129662363328918e-07,4.259324726657836e-07,6.388987089986754e-07,1.064831181664459e-06,1.4907636543302423e-06,2.129662363328918e-06,3.4074597813262687e-06,5.111189671989403e-06,6.8149195626525374e-06,1.1500176761976157e-05,1.682433267029845e-05,2.150958986962207e-05,2.9815273086604848e-05,4.4509943393574384e-05,6.495470208153199e-05,8.838098807815009e-05,0.0001282056742724,0.0001810213008829,0.0002455500704918,0.0003471349652226,0.000480451829167,0.0006608342313409,0.0008968008211978,0.0012196576354784,0.0016438863782535,0.0021922744368107,0.002863544013732,0.003686232584686,0.0046720532926709,0.0058695624395708,0.0072715191733502,0.0088975163877518,0.0107098590589447,0.0127059915920929,0.014916368158992,0.0173299145153527,0.0199809182252245,0.0228676755587169,0.0260259648435337,0.0294643047291282,0.0333696795710008,0.037752098782259,0.0426920636002368,0.0483248075850054,0.0547870550602907,0.0622061598354196,0.0707254481874443,0.0806386005562678,0.0921664629289672,0.1055077328040412,0.1211264636104592,0.1392104915686667,0.1605034947759382,0.1852855238330515,0.2143266646505863,0.2479135697826466,0.2865865345708091,0.3302605854867769,0.3790481687033338,0.4321634388084113,0.4888403562499201,0.5482909459534285,0.6086123545973021,0.6684526725132998,0.7254430762546906,0.7784201312723881,0.8261978285962543,0.8676404192879261,0.9022401918399856,0.9302005290081312,0.9518123426711927,0.9680288697029972,0.9795175462882114,0.9875042060831676,0.9926473406906068,0.9958501399188172,0.9977566136664692,0.9988423155392944,0.9994301023515731,0.99973634779942,0.9998818037388352,0.9999512307318796,0.9999793422750756,0.9999908424518376,0.999996805506455,0.9999991481350546,0.9999997870337636,1.0,1.0,1.0,1.0,1.0,1.0,1.0,1.0,1.0,1.0,1.0,1.0,1.0,1.0,1.0,1.0,1.0,1.0,1.0,1.0,1.0,1.0,1.0,1.0,1.0,1.0,1.0,1.0,1.0,1.0,1.0,1.0,1.0,1.0,1.0,1.0,1.0,1.0,1.0,1.0,1.0,1.0,1.0,1.0,1.0
,,120.0,0.0,0.0,0.0,0.0,0.0,0.0,0.0,0.0,0.0,0.0,0.0,0.0,0.0,0.0,0.0,0.0,0.0,0.0,0.0,0.0,0.0,3.485279920256796e-07,1.0455839760770386e-06,2.788223936205436e-06,4.530863896333834e-06,7.31908783253927e-06,1.0107311768744706e-05,1.428964767305286e-05,2.0214623537489413e-05,2.6488127393951644e-05,3.450427121054227e-05,4.7051278923466735e-05,6.273503856462232e-05,8.504083005426581e-05,0.0001198936292568,0.0001655507962121,0.0002324681706811,0.0003223883926237,0.0004478584697529,0.0006283959696223,0.0008716685080562,0.0011832525329271,0.001561753932267,0.0020747871365288,0.0026756493947811,0.0034465933131419,0.0043911041715315,0.0055318362894315,0.0068468324033444,0.0084228759832845,0.0102038540225358,0.0121486402180391,0.0143046343767099,0.0167199333614479,0.0194213738276389,0.0222406167551346,0.0253609878677405,0.0287995650370659,0.0326302361974202,0.0369586053303871,0.0418404369146908,0.0473858657958113,0.0536178948212225,0.0607581877938526,0.0688415975129042,0.0782372151219325,0.0891754176236664,0.1017659913355941,0.1164564461994765,0.1337897888268896,0.1538925348789388,0.1775164592344234,0.2052516197838429,0.2374786090944894,0.2748537053753472,0.3170423217540716,0.3642068722749467,0.4162393132604445,0.4722655365065645,0.530781992255708,0.5912937707591985,0.6512768322987861,0.7094147866485897,0.7637255551179593,0.8131998006419886,0.8563942688056991,0.8931549102366156,0.9231324998867284,0.9465448677510534,0.9640814021978176,0.9768765618410644,0.9856807274476248,0.9914826729308764,0.9952021636617744,0.9973898738677196,0.9986473628629484,0.9993367512311752,0.9996978262309136,0.9998584976352376,0.9999407502413556,0.9999749059845742,0.9999937264961436,0.99999825736004,0.999999302944016,1.0,1.0,1.0,1.0,1.0,1.0,1.0,1.0,1.0,1.0,1.0,1.0,1.0,1.0,1.0,1.0,1.0,1.0,1.0,1.0,1.0,1.0,1.0,1.0,1.0,1.0,1.0,1.0,1.0,1.0,1.0,1.0,1.0,1.0,1.0,1.0,1.0,1.0,1.0,1.0,1.0,1.0,1.0,1.0
,,123.0,0.0,0.0,0.0,0.0,0.0,0.0,0.0,0.0,0.0,0.0,0.0,0.0,0.0,0.0,0.0,0.0,0.0,0.0,0.0,0.0,0.0,5.884963095396429e-07,5.884963095396429e-07,5.884963095396429e-07,5.884963095396429e-07,1.7654889286189286e-06,2.942481547698214e-06,4.1194741667775e-06,5.884963095396428e-06,1.1181429881253214e-05,1.824338559572893e-05,2.353985238158572e-05,3.119030440560107e-05,4.590271214409215e-05,6.120361619212286e-05,8.121249071647072e-05,0.0001159337729793,0.0001583055072661,0.0002200976197678,0.0003001331178652,0.0004219518539399,0.0005773148796583,0.00077975761014,0.0010604703497904,0.0014212185875382,0.0019396838362426,0.002532299619949,0.0032667430142545,0.0041953901907081,0.0053347190459768,0.0065764462591055,0.0080370940993829,0.0096801757956175,0.0115327621780483,0.013569547905365,0.0157793515476864,0.0182210227359664,0.0207962825865119,0.0237099278150426,0.0269266486429863,0.0304905822935584,0.0344905917094993,0.0390490841231934,0.0442749313519054,0.0502405184417088,0.0571553500787996,0.0650800413830604,0.0744065308966447,0.085226035547531,0.0979357903446587,0.1126464325942212,0.1298781930338514,0.1498870675581993,0.1734822385928817,0.2009167595510008,0.23276147185281,0.2692994422231978,0.3109661579312236,0.3575020921043804,0.4083375803150338,0.463348449841871,0.5212482477522383,0.5808340875894368,0.6400668296409113,0.6977912556510358,0.7524525583700065,0.802257589542656,0.8463153657563414,0.884193342223551,0.9154330803191532,0.9401216774969604,0.9591577676216392,0.9730792363201092,0.9829718592834704,0.989541832083171,0.9938784613881686,0.9966061417828848,0.9981432941434024,0.9990660563567606,0.9995350879154636,0.9998010882473756,0.9999176105166644,0.9999652787177372,0.999984699095952,0.9999917610516664,0.9999952920295236,0.999998823007381,0.9999994115036904,1.0,1.0,1.0,1.0,1.0,1.0,1.0,1.0,1.0,1.0,1.0,1.0,1.0,1.0,1.0,1.0,1.0,1.0,1.0,1.0,1.0,1.0,1.0,1.0,1.0,1.0,1.0,1.0,1.0,1.0,1.0,1.0,1.0,1.0,1.0,1.0,1.0,1.0,1.0,1.0
,,126.0,0.0,0.0,0.0,0.0,0.0,0.0,0.0,0.0,0.0,0.0,0.0,0.0,0.0,0.0,0.0,0.0,0.0,0.0,0.0,0.0,0.0,0.0,0.0,0.0,0.0,0.0,0.0,9.038910702793384e-07,2.711673210838016e-06,4.519455351396693e-06,8.135019632514047e-06,1.17505839136314e-05,1.7173930335307432e-05,2.35011678272628e-05,3.886731602201156e-05,5.332957314648097e-05,7.05035034817884e-05,9.490856237933054e-05,0.0001337758784013,0.0001898171247586,0.0002711673210838,0.0003877692691498,0.0005369112957459,0.0007240167472937,0.0009789140291125,0.0013178731804672,0.0017463175477796,0.0023736179505535,0.003067806292528,0.0039436767396287,0.0050265382418234,0.0062540223152627,0.0077391153437316,0.0094754900897383,0.011471281572915,0.0136722563290452,0.0160160458742796,0.0185198241389533,0.0213273098032409,0.0242694752370002,0.0273924188848153,0.0307765870519411,0.0344870598954378,0.038613322631263,0.0430469083309832,0.0480273481282223,0.0537977887208856,0.060280495476929,0.0680105719099579,0.0770250775538538,0.0873945159120984,0.0996169309644156,0.1139228149337267,0.1303944219074271,0.1496698989811339,0.1723666037558481,0.1989780607559421,0.2296281030580442,0.2650389396273076,0.3053018634618304,0.3501448033494587,0.3994583884706886,0.4531151701846107,0.5098108336768119,0.5684263618022865,0.627035562690269,0.6851141795199976,0.7400355048412406,0.7908658191783992,0.8364969520793111,0.8758171175275326,0.9085415898359256,0.9343675654959468,0.9545686270256198,0.9696274522564736,0.9804181038534684,0.9878860518761164,0.9927598325270623,0.995897238432002,0.9977357528689502,0.998844827212183,0.9994495303381998,0.9997333521342676,0.9998725513590906,0.9999475743179238,0.999977402723243,0.999993672762508,0.9999972883267892,0.9999990961089296,1.0,1.0,1.0,1.0,1.0,1.0,1.0,1.0,1.0,1.0,1.0,1.0,1.0,1.0,1.0,1.0,1.0,1.0,1.0,1.0,1.0,1.0,1.0,1.0,1.0,1.0,1.0,1.0,1.0,1.0,1.0,1.0,1.0,1.0,1.0,1.0,1.0,1.0,1.0
,,129.0,0.0,0.0,0.0,0.0,0.0,0.0,0.0,0.0,0.0,0.0,0.0,0.0,0.0,0.0,0.0,0.0,0.0,0.0,0.0,0.0,0.0,0.0,0.0,0.0,0.0,0.0,0.0,0.0,0.0,0.0,1.675664987650349e-06,1.675664987650349e-06,6.702659950601396e-06,1.0053989925902096e-05,2.513497481475524e-05,3.518896474065733e-05,4.1891624691258726e-05,5.194561461716082e-05,6.870226449366431e-05,9.383723930841956e-05,0.0001256748740737,0.0001591881738267,0.0002044311284933,0.0002915657078511,0.0004155649169372,0.0005445911209863,0.0007691302293315,0.0010623716021703,0.001427666569478,0.0019286904007855,0.0025369567913026,0.003244087416091,0.0040902982348545,0.0050856432375188,0.0063457433082318,0.0078471391371665,0.009378696935879,0.0110979292132082,0.0129478633595742,0.0150541742490507,0.0172777816876627,0.0196454963152126,0.0224170462047863,0.0253880002278904,0.0286756549336604,0.0323989825362195,0.0365211184058393,0.041621842628247,0.0471515370874931,0.0535609556652557,0.0609891785555097,0.0697663117608222,0.079783437056996,0.0914008224163759,0.1051328969901705,0.1212829561411446,0.1399934313932484,0.1617402116029746,0.1873142106444942,0.2168880220115353,0.2509258049056768,0.2898179892690414,0.3334087382577776,0.3818522130507492,0.4343725807586741,0.4896427147113332,0.546955484283938,0.6046536568037025,0.6623132890287511,0.7172315333340036,0.7688252583037578,0.8159466334214733,0.8568864803997467,0.8917285824879604,0.9204226697364848,0.9434329013468996,0.9612653281454744,0.9743723796788756,0.9834879972116934,0.9898102812100982,0.9938285258504838,0.9965263464806008,0.9981266065438068,0.999036492632101,0.9995123814885938,0.999765406901729,0.9998994601007408,0.9999547570453334,0.9999832433501236,0.999994973005037,0.9999966486700248,0.9999983243350123,1.0,1.0,1.0,1.0,1.0,1.0,1.0,1.0,1.0,1.0,1.0,1.0,1.0,1.0,1.0,1.0,1.0,1.0,1.0,1.0,1.0,1.0,1.0,1.0,1.0,1.0,1.0,1.0,1.0,1.0,1.0,1.0,1.0,1.0,1.0,1.0
,,132.0,0.0,0.0,0.0,0.0,0.0,0.0,0.0,0.0,0.0,0.0,0.0,0.0,0.0,0.0,0.0,0.0,0.0,0.0,0.0,0.0,0.0,0.0,0.0,0.0,0.0,3.097835851873881e-06,3.097835851873881e-06,3.097835851873881e-06,3.097835851873881e-06,3.097835851873881e-06,3.097835851873881e-06,6.195671703747762e-06,1.2391343407495523e-05,1.2391343407495523e-05,1.5489179259369403e-05,2.168485096311717e-05,2.4782686814991047e-05,2.7880522666864928e-05,3.0978358518738806e-05,4.9565373629982094e-05,5.5761045333729856e-05,6.195671703747761e-05,9.293507555621644e-05,0.0001146199265193,0.0001610874642974,0.0002137506737792,0.0003407619437061,0.0004956537362998,0.0006474476930416,0.0008673940385246,0.0011895689671195,0.0016015811354187,0.002183974275571,0.0028840851780945,0.0037235986939524,0.0046684386287739,0.0056907244598923,0.0068926847704193,0.0083176892622813,0.0101732929375538,0.01208465765816,0.0142097730525454,0.0165145629263396,0.0192034844457661,0.0219884388766008,0.0251730141323271,0.0283854699107203,0.0319572746479309,0.0360990811818863,0.0407644219748083,0.0459997645644752,0.0519692942510362,0.05865442401938,0.0670340699986989,0.0766621438263229,0.0874890801286221,0.0999640651041182,0.1148832425667428,0.1326183528187208,0.153172493695904,0.1775772445369664,0.2058078226550931,0.2393109173931091,0.2770642429198962,0.3200684002156094,0.3676790394230591,0.4203732272634338,0.4763232405841279,0.5349807624393599,0.5945924177369689,0.6533397768319053,0.7096615304548243,0.7627739261352019,0.8117538087891799,0.8541569859296295,0.8904605242777396,0.9198620843478744,0.943551235107154,0.9612677583440208,0.974526495790041,0.9836713072247728,0.9898731746002244,0.9940149811341796,0.9965954783987906,0.9981598855039868,0.9990830405878454,0.9995539116373302,0.999804836341332,0.9999163584319994,0.999953532462222,0.9999752173131852,0.9999814129848889,0.9999938043282962,0.9999969021641482,1.0,1.0,1.0,1.0,1.0,1.0,1.0,1.0,1.0,1.0,1.0,1.0,1.0,1.0,1.0,1.0,1.0,1.0,1.0,1.0,1.0,1.0,1.0,1.0,1.0,1.0,1.0,1.0,1.0,1.0,1.0,1.0,1.0,1.0
,,135.0,0.0,0.0,0.0,0.0,0.0,0.0,0.0,0.0,0.0,0.0,0.0,0.0,0.0,0.0,0.0,0.0,0.0,0.0,0.0,0.0,0.0,0.0,0.0,0.0,0.0,0.0,0.0,0.0,0.0,0.0,0.0,0.0,0.0,0.0,0.0,0.0,0.0,0.0,1.5889409708429333e-05,2.118587961123911e-05,3.1778819416858666e-05,3.707528931966844e-05,3.707528931966844e-05,5.826116893090755e-05,0.0001006329281533,0.0001218188077646,0.0001430046873758,0.000248934085432,0.000333677603877,0.0005031646407669,0.0007415057863933,0.0010169222213394,0.0013823786446333,0.0019491009242339,0.0025423055533486,0.0033367760387701,0.0043536982601096,0.0054235851804772,0.0067900744154021,0.0082360106988692,0.0098567304891289,0.0118005349434601,0.0140833134715711,0.0163766849394878,0.0188130610947803,0.0213341807685177,0.0241148274674929,0.0272609305897619,0.0303328831333915,0.0339080003177881,0.0379703927332432,0.0423399804030613,0.0475728926670374,0.0535632001271152,0.0603479780726146,0.0679537088530494,0.0772596064722862,0.0880485156643097,0.1002939540796059,0.1152458886152379,0.1328354651624692,0.1534864013135245,0.1777654193480045,0.2057731521940626,0.2380445433118826,0.2746908185694234,0.3169672413336511,0.3635708800084744,0.4150737533433966,0.4699822568258255,0.5258970895897884,0.5844124890760308,0.642265829824422,0.6984454860835253,0.7511665474960939,0.7997086941553455,0.8422287545351024,0.87890680861206,0.909398585842536,0.9342390296867138,0.9534864013135246,0.9681894017637244,0.9786975980508992,0.9863509970604591,0.9915521305050184,0.994989539471942,0.9970074945049124,0.9983792802097402,0.9991472683456476,0.9995603929980668,0.9997828447339848,0.9998675882524296,0.9999417388310692,0.9999629247106804,0.9999841105902916,0.9999947035300972,1.0,1.0,1.0,1.0,1.0,1.0,1.0,1.0,1.0,1.0,1.0,1.0,1.0,1.0,1.0,1.0,1.0,1.0,1.0,1.0,1.0,1.0,1.0,1.0,1.0,1.0,1.0,1.0,1.0,1.0,1.0,1.0
,,138.0,0.0,0.0,0.0,0.0,0.0,0.0,0.0,0.0,0.0,0.0,0.0,0.0,0.0,0.0,0.0,0.0,0.0,0.0,0.0,0.0,0.0,0.0,0.0,0.0,0.0,0.0,0.0,0.0,0.0,0.0,0.0,0.0,0.0,0.0,1.1419305477840838e-05,1.1419305477840838e-05,1.1419305477840838e-05,1.1419305477840838e-05,1.1419305477840838e-05,1.1419305477840838e-05,1.1419305477840838e-05,1.1419305477840838e-05,1.1419305477840838e-05,2.283861095568168e-05,4.567722191136335e-05,6.851583286704503e-05,0.0001484509712119,0.0001827088876454,0.0002055474986011,0.0002740633314681,0.0003311598588573,0.0004567722191136,0.0005823845793698,0.0007308355505818,0.0010163181875278,0.0014502517956857,0.0020212170695778,0.0025236665106028,0.0033230178940516,0.0043964326089687,0.0055041052403192,0.0070342921743499,0.0089184775781936,0.0107912436765595,0.0129723310228271,0.01549599753343,0.0178026972399538,0.020303525139601,0.0233182217857509,0.0263214991264231,0.029553162576652,0.0330474700528713,0.0371470007194162,0.0417718194379417,0.0468191524591474,0.0530540932500485,0.0593461305683388,0.0671797741261376,0.0760068972605086,0.086021628164575,0.0981831884984755,0.1131538979799248,0.1310251110527457,0.1521394068812734,0.1763140765778625,0.2044969224971737,0.2356259492297678,0.2718023089835676,0.3141336743899236,0.3602448299094449,0.4105582898448116,0.4657477932192164,0.5219764533921047,0.5803633623003049,0.6397780087015108,0.6949560927704377,0.7482157335190873,0.7969419099930343,0.8405979148348197,0.8778248506925809,0.9092736179785544,0.9338022861449566,0.9531580089298968,0.9680830411894348,0.9793995729179752,0.986799282867616,0.9918009386669104,0.9951467951719176,0.997282205296274,0.9985497482043142,0.9991549713946398,0.9995203891699308,0.9997373559740096,0.9998858069452216,0.9999657420835664,0.9999771613890444,0.999988580694522,0.999988580694522,1.0,1.0,1.0,1.0,1.0,1.0,1.0,1.0,1.0,1.0,1.0,1.0,1.0,1.0,1.0,1.0,1.0,1.0,1.0,1.0,1.0,1.0,1.0,1.0,1.0,1.0,1.0,1.0,1.0,1.0
,,141.0,0.0,0.0,0.0,0.0,0.0,0.0,0.0,0.0,0.0,0.0,0.0,0.0,0.0,0.0,0.0,0.0,0.0,0.0,0.0,0.0,0.0,0.0,0.0,0.0,0.0,0.0,0.0,0.0,0.0,0.0,0.0,0.0,0.0,0.0,0.0,0.0,0.0,0.0,0.0,0.0,0.0,0.0,1.714942292191868e-05,1.714942292191868e-05,3.429884584383736e-05,5.144826876575604e-05,6.859769168767471e-05,6.859769168767471e-05,6.859769168767471e-05,0.0001028965375315,0.0001371953833753,0.0001886436521411,0.0002572413438287,0.0003258390355164,0.0004801838418137,0.0006516780710329,0.0009260688377836,0.0014234021025192,0.0020064824818644,0.0025895628612097,0.0032069420863987,0.0040301143866508,0.005041930339044,0.0063795853269537,0.0078887345440825,0.0092263895319922,0.0110956766304813,0.0131364579581897,0.0152629864005076,0.017080825230231,0.0196703880914407,0.0224314451818696,0.0254668930390492,0.0287252833942137,0.0324467081682701,0.0358251444838881,0.0411929138584486,0.0464406372725557,0.0526487283702903,0.0590797619660098,0.0672771861226869,0.0765721733463669,0.0873934592100975,0.1005299171682872,0.1159300989521702,0.134948808972578,0.1569343691584778,0.1823669633516832,0.2124813500025724,0.2478777589134125,0.2881446039340776,0.3332818850645676,0.3829294644235221,0.4356467904855001,0.492411380357051,0.5500848896434635,0.6098163296805063,0.6674555401210749,0.7230368198110133,0.7741592495412529,0.819690967398947,0.8627360189329629,0.8963488878599235,0.9243710449143386,0.9465623981753014,0.9633516832158596,0.9755963711821096,0.984839910137024,0.9912709437327434,0.994975219083878,0.99705029925743,0.9983536553994958,0.999176827699748,0.99955411500403,0.9998113563478588,0.9999142528853904,0.9999657011541562,0.999982850577078,0.999982850577078,0.999982850577078,1.0,1.0,1.0,1.0,1.0,1.0,1.0,1.0,1.0,1.0,1.0,1.0,1.0,1.0,1.0,1.0,1.0,1.0,1.0,1.0,1.0,1.0,1.0,1.0,1.0,1.0,1.0,1.0
,,144.0,0.0,0.0,0.0,0.0,0.0,0.0,0.0,0.0,0.0,0.0,0.0,0.0,0.0,0.0,0.0,0.0,0.0,0.0,0.0,0.0,0.0,0.0,0.0,0.0,0.0,0.0,0.0,0.0,0.0,0.0,0.0,0.0,0.0,0.0,0.0,0.0,0.0,0.0,0.0,0.0,0.0,0.0,0.0,0.0,0.0,0.0,0.0,0.0,0.0,2.7536830510808205e-05,2.7536830510808205e-05,0.0001101473220432,0.0001927578135756,0.0003304419661296,0.0004681261186837,0.0005782734407269,0.0007710312543026,0.0009637890678782,0.0012942310340079,0.0018174308137133,0.0025884620680159,0.0031942723392537,0.004158061407132,0.004874019000413,0.0064160815090183,0.0081233650006884,0.0099683326449125,0.0119509844416907,0.0138510257469365,0.0163018036623984,0.0189178025609252,0.0216164119509844,0.024397631832576,0.0277571251548946,0.03100647115517,0.0348065537656615,0.0383863417320666,0.042489329478177,0.0467300013768415,0.0519069255128734,0.0579099545642296,0.0652622883106154,0.0733305796502822,0.0831061544816191,0.0948643811097342,0.1074211758226628,0.1221258433154344,0.1406030565881867,0.161228142640782,0.1864243425581715,0.2159438248657579,0.2485474321905548,0.286575795125981,0.3287346826380283,0.375877736472532,0.4253614209004543,0.477819083023544,0.532369544265455,0.5884069943549497,0.6463995594107118,0.7014456836018175,0.7510119785212722,0.7976869062370922,0.8384138785625774,0.8760016522098306,0.9073110285006196,0.9334710174858872,0.9532975354536692,0.9686906237092112,0.979044471981275,0.9866997108632796,0.9916288035247144,0.9949056863555004,0.9971637064573868,0.9985956216439488,0.9993941897287624,0.9996970948643812,0.9997521685254028,0.999862315847446,0.9999724631694892,1.0,1.0,1.0,1.0,1.0,1.0,1.0,1.0,1.0,1.0,1.0,1.0,1.0,1.0,1.0,1.0,1.0,1.0,1.0,1.0,1.0,1.0,1.0,1.0,1.0,1.0,1.0,1.0
,,147.0,0.0,0.0,0.0,0.0,0.0,0.0,0.0,0.0,0.0,0.0,0.0,0.0,0.0,0.0,0.0,0.0,0.0,0.0,0.0,0.0,0.0,0.0,0.0,0.0,0.0,0.0,0.0,0.0,0.0,0.0,0.0,0.0,0.0,0.0,0.0,0.0,0.0,0.0,0.0,0.0,0.0,0.0,0.0,0.0,0.0,0.0,0.0,0.0,0.0,0.0,7.668123610152595e-05,0.000153362472203,0.000153362472203,0.000153362472203,0.0002300437083045,0.0003067249444061,0.0004600874166091,0.0006901311249137,0.0010735373054213,0.0014569434859289,0.0020703933747412,0.0026071620274518,0.0031439306801625,0.0038340618050762,0.0048309178743961,0.006134498888122,0.0078981673184571,0.0095851545126907,0.0116555478874319,0.0140326662065792,0.0161797408174219,0.0184801779004677,0.0217007898167318,0.0246146767885898,0.0271451575799401,0.0307491756767119,0.0340464688290775,0.0391074304117782,0.0422513610919408,0.0466988727858293,0.0515297906602254,0.0575109270761444,0.0631853385476573,0.0709301433939115,0.0794417606011809,0.0897937274748869,0.1016026378345218,0.1146384479717813,0.1289778391227666,0.1485315543286557,0.1724560999923318,0.2005214324054903,0.2292768959435626,0.2639368146614523,0.3041944636147535,0.3484395368453339,0.3993558776167472,0.4555632236791657,0.5073997392837972,0.5651407100682463,0.6240318993942182,0.6802392454566367,0.7364465915190553,0.7819185645272602,0.8276972624798712,0.8651177056974159,0.8987040871098843,0.9235488076067786,0.944022697645886,0.9620427881297446,0.9740050609615828,0.982363315696649,0.9894946706540908,0.9932520512230656,0.9960125757227206,0.9974695192086496,0.9983130128057665,0.9991565064028832,0.9994632313472892,0.999693275055594,0.9998466375277968,0.9998466375277968,0.9999233187638984,1.0,1.0,1.0,1.0,1.0,1.0,1.0,1.0,1.0,1.0,1.0,1.0,1.0,1.0,1.0,1.0,1.0,1.0,1.0,1.0,1.0,1.0,1.0,1.0,1.0
