j_gene,cdr3_length,0,1,2,3,4,5,6,7,8,9,10,11,12,13,14,15,16,17,18,19,20,21,22,23,24,25,26,27,28,29,30,31,32,33,34,35,36,37,38,39,40,41,42,43,44,45,46,47,48,49,50,51,52,53,54,55,56,57,58,59,60,61,62,63,64,65,66,67,68,69,70,71,72,73,74,75,76,77,78,79,80,81
IGHJ0-32C2,15,0.0020940361853531,0.012236714608503,0.0438828044314935,0.1101186340515218,0.2150696127000873,0.3493548013025835,0.5070859278758999,0.6636044073636712,0.7980666866266118,0.8888855935798124,0.947128425987092,0.9806588735508716,0.9950305888256396,0.9990623865306236,0.999921402009984,1.0,1.0,1.0,1.0,1.0,1.0,1.0,1.0,1.0,1.0,1.0,1.0,1.0,1.0,1.0,1.0,1.0,1.0,1.0,1.0,1.0,1.0,1.0,1.0,1.0,1.0,1.0,1.0,1.0,1.0,1.0,1.0,1.0,1.0,1.0,1.0,1.0,1.0,1.0,1.0,1.0,1.0,1.0,1.0,1.0,1.0,1.0,1.0,1.0,1.0,1.0,1.0,1.0,1.0,1.0,1.0,1.0,1.0,1.0,1.0,1.0,1.0,1.0,1.0,1.0,1.0,1.0
IGHJ0-32C2,18,0.003750091379952,0.0162715718866954,0.0458426319317858,0.091306764191733,0.1591154498426963,0.2511279518191465,0.3672927695747198,0.503908938500413,0.6434820851663225,0.7675772387506133,0.864717234211463,0.929819704506054,0.9673341905629762,0.9866615150563308,0.9955470278335788,0.9988010605132244,0.999734478144504,0.9999548861686808,1.0,1.0,1.0,1.0,1.0,1.0,1.0,1.0,1.0,1.0,1.0,1.0,1.0,1.0,1.0,1.0,1.0,1.0,1.0,1.0,1.0,1.0,1.0,1.0,1.0,1.0,1.0,1.0,1.0,1.0,1.0,1.0,1.0,1.0,1.0,1.0,1.0,1.0,1.0,1.0,1.0,1.0,1.0,1.0,1.0,1.0,1.0,1.0,1.0,1.0,1.0,1.0,1.0,1.0,1.0,1.0,1.0,1.0,1.0,1.0,1.0,1.0,1.0,1.0
IGHJ0-32C2,21,0.0077243344715802,0.0380031858261522,0.0980358996681818,0.1887427552045647,0.2961422397093352,0.4059455518808235,0.5071112685746162,0.5980846185012932,0.6817341230127207,0.7609077116271256,0.8306832667682035,0.8875391275407839,0.93148151018171,0.9621628467520004,0.9813586005183424,0.9919745236359468,0.9969679914468016,0.9991077698695536,0.9997628274899516,0.9999274955646208,0.9999737061811822,1.0,1.0,1.0,1.0,1.0,1.0,1.0,1.0,1.0,1.0,1.0,1.0,1.0,1.0,1.0,1.0,1.0,1.0,1.0,1.0,1.0,1.0,1.0,1.0,1.0,1.0,1.0,1.0,1.0,1.0,1.0,1.0,1.0,1.0,1.0,1.0,1.0,1.0,1.0,1.0,1.0,1.0,1.0,1.0,1.0,1.0,1.0,1.0,1.0,1.0,1.0,1.0,1.0,1.0,1.0,1.0,1.0,1.0,1.0,1.0,1.0
IGHJ0-32C2,24,0.003582174101709,0.0218967793810603,0.070935439960004,0.1611303934978806,0.2793013031095198,0.4018904913677932,0.5183102085982748,0.6187310550196474,0.7011415350049884,0.768905996540002,0.8254274625764846,0.8738984832758742,0.91337197699604,0.9436493098491237,0.9662686771890198,0.98124045689201,0.9905602887047754,0.9957870008593314,0.9982561032957348,0.999362747326034,0.9998006180809288,0.9999640087496856,0.9999957152088856,1.0,1.0,1.0,1.0,1.0,1.0,1.0,1.0,1.0,1.0,1.0,1.0,1.0,1.0,1.0,1.0,1.0,1.0,1.0,1.0,1.0,1.0,1.0,1.0,1.0,1.0,1.0,1.0,1.0,1.0,1.0,1.0,1.0,1.0,1.0,1.0,1.0,1.0,1.0,1.0,1.0,1.0,1.0,1.0,1.0,1.0,1.0,1.0,1.0,1.0,1.0,1.0,1.0,1.0,1.0,1.0,1.0,1.0,1.0
IGHJ0-32C2,27,0.0009536020727085,0.0064016554911467,0.026197422573504,0.0726215149319889,0.1570649621596113,0.2782316910745213,0.4200399487044465,0.5553534769150932,0.6666792364033727,0.7540256838170075,0.8189442727567374,0.8664976229118485,0.90270529154845,0.9309096606022408,0.9532828704918186,0.9698812143509044,0.9818658355151002,0.9898757573979668,0.9948120129802236,0.9975240573060478,0.998976422649757,0.9996142264848442,0.9998753054403386,0.9999735911107356,0.999995163235042,0.9999996085207624,1.0,1.0,1.0,1.0,1.0,1.0,1.0,1.0,1.0,1.0,1.0,1.0,1.0,1.0,1.0,1.0,1.0,1.0,1.0,1.0,1.0,1.0,1.0,1.0,1.0,1.0,1.0,1.0,1.0,1.0,1.0,1.0,1.0,1.0,1.0,1.0,1.0,1.0,1.0,1.0,1.0,1.0,1.0,1.0,1.0,1.0,1.0,1.0,1.0,1.0,1.0,1.0,1.0,1.0,1.0,1.0
IGHJ0-32C2,30,0.0001390462824924,0.0010636868543158,0.0051435125025555,0.0176308851456047,0.0487905191916327,0.1090384319084409,0.2057635396170437,0.3349313437051605,0.4805595977680435,0.6200369207951372,0.7348729430649326,0.8200344924291035,0.8801441652679483,0.9205750705925436,0.9471174883694948,0.9648025140190948,0.9770930923136876,0.9858384094779056,0.99183141870245,0.9955874687121784,0.9978888871407302,0.9990505824156004,0.9996127563113956,0.9998530352444992,0.9999501452557158,0.9999847391190184,0.9999957723674296,0.9999989640166222,0.9999999133367168,1.0,1.0,1.0,1.0,1.0,1.0,1.0,1.0,1.0,1.0,1.0,1.0,1.0,1.0,1.0,1.0,1.0,1.0,1.0,1.0,1.0,1.0,1.0,1.0,1.0,1.0,1.0,1.0,1.0,1.0,1.0,1.0,1.0,1.0,1.0,1.0,1.0,1.0,1.0,1.0,1.0,1.0,1.0,1.0,1.0,1.0,1.0,1.0,1.0,1.0,1.0,1.0,1.0
IGHJ0-32C2,33,3.71841893739405e-05,0.0003046742075049,0.0014293888707767,0.0051376877866142,0.0149098016535706,0.0375405518277617,0.0820185482730137,0.1580219358433063,0.2677553049911535,0.4037876808713532,0.548104917068063,0.6796765723671729,0.784414193776497,0.8584149586717649,0.9074822634644172,0.9396689165902996,0.9605761428848671,0.9743308906086792,0.9836848630590308,0.9900772087093486,0.9942852450568026,0.9968965390637182,0.998424755740817,0.9992743920215492,0.9997010251050444,0.9998887009950442,0.999965891321774,0.9999899989821096,0.999998075411477,0.9999997929122948,0.9999998758214028,1.0,1.0,1.0,1.0,1.0,1.0,1.0,1.0,1.0,1.0,1.0,1.0,1.0,1.0,1.0,1.0,1.0,1.0,1.0,1.0,1.0,1.0,1.0,1.0,1.0,1.0,1.0,1.0,1.0,1.0,1.0,1.0,1.0,1.0,1.0,1.0,1.0,1.0,1.0,1.0,1.0,1.0,1.0,1.0,1.0,1.0,1.0,1.0,1.0,1.0,1.0
IGHJ0-32C2,36,1.7329850469096694e-05,0.0001712487352419,0.0007400974977605,0.0023900805533176,0.0063170861250584,0.0149297116113617,0.0323528790857598,0.0647294248622427,0.1191713035595792,0.2011331787759681,0.3100569335800253,0.4390983752410484,0.5732407983953769,0.6969454549512264,0.7982611502376541,0.8718523858961298,0.9204634148907456,0.9513880274415352,0.9705008900649474,0.9821294257866636,0.9892143777958124,0.9936061439194368,0.9963731699351468,0.9980417164191256,0.9989975591127276,0.999508811089057,0.9997873118879318,0.9999190304107156,0.9999718905342154,0.9999928099205166,0.9999981584841652,0.999999468055283,0.9999999590530528,0.9999999590530528,1.0,1.0,1.0,1.0,1.0,1.0,1.0,1.0,1.0,1.0,1.0,1.0,1.0,1.0,1.0,1.0,1.0,1.0,1.0,1.0,1.0,1.0,1.0,1.0,1.0,1.0,1.0,1.0,1.0,1.0,1.0,1.0,1.0,1.0,1.0,1.0,1.0,1.0,1.0,1.0,1.0,1.0,1.0,1.0,1.0,1.0,1.0,1.0
IGHJ0-32C2,39,4.92038669874692e-05,0.0003260697794452,0.0012267384910497,0.0033719326184337,0.0073689811759934,0.0140138871686672,0.0245778336557309,0.0412629069939448,0.0680237563668786,0.1105819373808581,0.1732311801069708,0.2581347642432361,0.3638613482453279,0.4821199828477253,0.6026375997805814,0.7143239137730509,0.8080369269381331,0.8790787931660802,0.927526973416784,0.9581528599313526,0.9765109782927064,0.986924854758096,0.992786220381622,0.9959939334002856,0.9977889884717976,0.9988052118485752,0.9993774440167106,0.9996978608949132,0.9998638934704132,0.9999474279863418,0.999982726172742,0.999995151257887,0.9999986871274748,0.999999753311424,0.9999999588852374,1.0,1.0,1.0,1.0,1.0,1.0,1.0,1.0,1.0,1.0,1.0,1.0,1.0,1.0,1.0,1.0,1.0,1.0,1.0,1.0,1.0,1.0,1.0,1.0,1.0,1.0,1.0,1.0,1.0,1.0,1.0,1.0,1.0,1.0,1.0,1.0,1.0,1.0,1.0,1.0,1.0,1.0,1.0,1.0,1.0,1.0,1.0
IGHJ0-32C2,42,6.54915815042543e-05,0.0004652457672368,0.0018308253540723,0.0050657313651599,0.0108924320669064,0.0197411776313469,0.0315320340455238,0.0462557775640607,0.0647724946253031,0.0899928126793273,0.1265556594059159,0.178390596709379,0.2482119187951326,0.3335434547994612,0.4314644990605041,0.5352522935255659,0.6390190190847534,0.7353266029958205,0.8189661959290718,0.884791165157578,0.9318269747257226,0.9623640417909346,0.9803558368285824,0.9902862039606564,0.995389421764238,0.9978337734209564,0.9989557603171916,0.9994894853243838,0.99974898249482,0.9998776136051792,0.9999420244168654,0.9999759731363218,0.9999910309027318,0.9999968629720108,0.9999989269856676,0.9999995458764488,0.9999998348641632,0.9999999587160407,1.0,1.0,1.0,1.0,1.0,1.0,1.0,1.0,1.0,1.0,1.0,1.0,1.0,1.0,1.0,1.0,1.0,1.0,1.0,1.0,1.0,1.0,1.0,1.0,1.0,1.0,1.0,1.0,1.0,1.0,1.0,1.0,1.0,1.0,1.0,1.0,1.0,1.0,1.0,1.0,1.0,1.0,1.0,1.0
IGHJ0-32C2,45,2.6170592450239077e-05,0.0002234114336768,0.0010485923862333,0.0032666722285823,0.0082256529601589,0.0165500565698486,0.0282290424046678,0.0423678936253804,0.0583765713085818,0.075999859596161,0.0980224656376217,0.1285398210194074,0.1707627007794464,0.2268598563014274,0.296275827408903,0.3768212613225006,0.4644619298804309,0.5579929794705561,0.6523686127535071,0.7422554514195842,0.8215588531182361,0.8855127529597052,0.932256316714279,0.9629205748033812,0.9809672621678364,0.990722256207166,0.995570184563101,0.9978500719062688,0.9989408570764796,0.999478072780835,0.9997463933251654,0.9998726938099008,0.9999395210290668,0.9999730020030676,0.9999881765095698,0.9999960969520632,0.99999891975348,0.9999997089857132,1.0,1.0,1.0,1.0,1.0,1.0,1.0,1.0,1.0,1.0,1.0,1.0,1.0,1.0,1.0,1.0,1.0,1.0,1.0,1.0,1.0,1.0,1.0,1.0,1.0,1.0,1.0,1.0,1.0,1.0,1.0,1.0,1.0,1.0,1.0,1.0,1.0,1.0,1.0,1.0,1.0,1.0,1.0,1.0
IGHJ0-32C2,48,1.1253988929912583e-05,0.0001083439189518,0.0005904598616322,0.0020720825117657,0.0055237676998595,0.0120719592171697,0.0223696198752981,0.0360140071809197,0.0518266551616734,0.0683877070489067,0.0858007139850909,0.1051200781570309,0.1303600491144163,0.164778565631147,0.2109056997691431,0.2684202259514794,0.3351817807294484,0.4100924682692817,0.4902671413617198,0.5752097856059012,0.6619602849392436,0.7465814093072745,0.8226862749875468,0.8854003832426031,0.931784710097836,0.9625690669791334,0.9811622487517094,0.9911249847981336,0.9959949998614056,0.9982057340878108,0.9992094046024568,0.9996504683440872,0.9998462604791598,0.9999315020697096,0.9999725957792566,0.9999889130542442,0.9999960400262836,0.99999871943301,0.9999993535097668,0.999999845106888,0.9999999483689626,0.9999999483689626,0.9999999483689626,1.0,1.0,1.0,1.0,1.0,1.0,1.0,1.0,1.0,1.0,1.0,1.0,1.0,1.0,1.0,1.0,1.0,1.0,1.0,1.0,1.0,1.0,1.0,1.0,1.0,1.0,1.0,1.0,1.0,1.0,1.0,1.0,1.0,1.0,1.0,1.0,1.0,1.0,1.0
IGHJ0-32C2,51,2.104846898634181e-06,3.662526215857652e-05,0.0002489821231126,0.0008837103753289,0.0026161219831707,0.0063513989762409,0.0130089390393939,0.0231344206723932,0.0362870385162637,0.0519708297629029,0.0683102353034325,0.0847847972621479,0.1018265357653017,0.1212857537141828,0.1463013948573328,0.1796658528431436,0.2232663625640151,0.2759869139264981,0.3363581477228092,0.4030727275706588,0.4751406336970644,0.5528703549827727,0.6346866160407697,0.7177096362856499,0.7964639250144457,0.8641282749562875,0.9172433295514664,0.9538114245443442,0.9765158936391272,0.9891139510553952,0.9951945024385156,0.9979382941405718,0.999143135277202,0.9996502113176136,0.9998733453294324,0.9999568656742248,0.9999880281088528,0.999996692745802,0.9999986952543664,0.9999995865706148,0.9999999026336432,1.0,1.0,1.0,1.0,1.0,1.0,1.0,1.0,1.0,1.0,1.0,1.0,1.0,1.0,1.0,1.0,1.0,1.0,1.0,1.0,1.0,1.0,1.0,1.0,1.0,1.0,1.0,1.0,1.0,1.0,1.0,1.0,1.0,1.0,1.0,1.0,1.0,1.0,1.0,1.0,1.0
IGHJ0-32C2,54,1.538791528859847e-07,7.641350288703714e-06,5.3790356114001926e-05,0.0002432117396604,0.0009028167482754,0.0022953713174995,0.0053066083838817,0.010547189236623,0.0183568707066602,0.0284120347695217,0.0405793394739493,0.0536899181019162,0.0671065690887605,0.0808356195609921,0.0962182045030904,0.1146658753880058,0.1392716436688236,0.1721794592034341,0.2140372870576236,0.2649052319830461,0.3227027841937921,0.388897936266189,0.4629339268271582,0.5438860626520715,0.62994169630756,0.7161366135027432,0.7962819137792654,0.8645765838430579,0.9167580292881377,0.9527669674549356,0.9756025689722378,0.9884741163901856,0.9949030757253556,0.997836089322086,0.9991993987470068,0.9997119794718574,0.9999183485635866,0.9999828157588896,0.999998275669409,0.99999944812031,0.9999998284307418,0.9999998284307418,1.0,1.0,1.0,1.0,1.0,1.0,1.0,1.0,1.0,1.0,1.0,1.0,1.0,1.0,1.0,1.0,1.0,1.0,1.0,1.0,1.0,1.0,1.0,1.0,1.0,1.0,1.0,1.0,1.0,1.0,1.0,1.0,1.0,1.0,1.0,1.0,1.0,1.0,1.0,1.0
IGHJ0-32C2,57,2.6404668979187574e-07,4.3209362943454e-06,2.104407570480878e-05,9.225730101917991e-05,0.0003372820184891,0.0010473229999869,0.0026931321045801,0.0053445971802131,0.0099835247815836,0.0167335798065743,0.0253459423010909,0.0359899598115382,0.0472880288945536,0.059445960946247,0.072021223500389,0.0851781106287068,0.1006044485636175,0.1199033398073662,0.1462880481619864,0.1799193685705586,0.2224825025636728,0.2733443316669933,0.3340298223092738,0.4010736553070194,0.4757817049960737,0.5563184634809456,0.6418114454299129,0.7262518866919475,0.8051211000195109,0.8718791063508278,0.922008310571468,0.9557119335251406,0.977412600546762,0.9891885877695876,0.9950797009247184,0.9978632948381584,0.9991362541319844,0.9996413510495232,0.9998268772461903,0.9999349134761784,0.9999832728875724,0.9999975029922068,0.9999997406369956,0.9999997406369956,1.0,1.0,1.0,1.0,1.0,1.0,1.0,1.0,1.0,1.0,1.0,1.0,1.0,1.0,1.0,1.0,1.0,1.0,1.0,1.0,1.0,1.0,1.0,1.0,1.0,1.0,1.0,1.0,1.0,1.0,1.0,1.0,1.0,1.0,1.0,1.0,1.0,1.0
IGHJ0-32C2,60,0.0,0.0,8.77368020772283e-06,2.7872152693729185e-05,0.0001667879199164,0.0003291779303008,0.0007316205796141,0.0018332243931435,0.0037851705616421,0.0071115159481029,0.0113570636935051,0.0170103027424758,0.0252212916052304,0.0338722943934964,0.0434018957884338,0.0537505621504557,0.0650159143384004,0.0768569222032772,0.0906072357584615,0.1087032878451832,0.1313823827717479,0.1611584362024546,0.1974883044634914,0.242099490472797,0.2968537445465764,0.3596240411838504,0.4328278996710517,0.5136150766493396,0.6034179735357871,0.6893243741930067,0.7711240414886701,0.8444771417848265,0.900722592564752,0.9408284366742248,0.9678339571925284,0.9838150471275046,0.9922770861766986,0.9967049252964646,0.9987509970867215,0.9996607638986365,0.9999013968444012,1.0,1.0,1.0,1.0,1.0,1.0,1.0,1.0,1.0,1.0,1.0,1.0,1.0,1.0,1.0,1.0,1.0,1.0,1.0,1.0,1.0,1.0,1.0,1.0,1.0,1.0,1.0,1.0,1.0,1.0,1.0,1.0,1.0,1.0,1.0,1.0,1.0,1.0,1.0,1.0,1.0
IGHJ0-32C2,63,0.0,0.0,0.0,1.6030522114105257e-05,2.5111442192927644e-05,0.0001908716784352,0.0005641399491251,0.0009617723685409,0.0019427073106912,0.0037628774814972,0.0059910151652343,0.0096234498699834,0.0143310902548651,0.0191151086717004,0.024589761382533,0.0307173978535105,0.0376594856320233,0.0457176570181827,0.0555465241481207,0.0691979747830713,0.087959574835992,0.1090664360617396,0.1370575160368177,0.1690350478068662,0.2147048315227888,0.2655508471212213,0.3275386861762937,0.3971394974092974,0.4704057555186971,0.554240193303832,0.6324759295678938,0.7119365534165676,0.7788766250333218,0.8430501974879744,0.8912452327799142,0.9314891083406676,0.9598968485635946,0.9789803984365436,0.988959622752726,0.9940940540940542,0.9975949975949976,0.999037999037999,0.9995189995189996,0.9997594997594996,0.9997594997594996,1.0,1.0,1.0,1.0,1.0,1.0,1.0,1.0,1.0,1.0,1.0,1.0,1.0,1.0,1.0,1.0,1.0,1.0,1.0,1.0,1.0,1.0,1.0,1.0,1.0,1.0,1.0,1.0,1.0,1.0,1.0,1.0,1.0,1.0,1.0,1.0,1.0
IGHJ0-32C2,66,0.0,0.0,0.0,0.0,0.0,0.0,0.0,0.0022988505747126,0.0022988505747126,0.0022988505747126,0.0045977011494252,0.0068965517241379,0.0137931034482758,0.0229885057471264,0.0436781609195402,0.0505747126436781,0.0666666666666666,0.0873563218390804,0.1011494252873563,0.1172413793103448,0.1448275862068965,0.1701149425287356,0.1977011494252873,0.2367816091954023,0.2988505747126437,0.3586206896551724,0.4551724137931034,0.5241379310344828,0.5977011494252874,0.671264367816092,0.7632183908045977,0.8436781609195402,0.896551724137931,0.9471264367816092,0.9793103448275862,0.986206896551724,0.9954022988505749,1.0,1.0,1.0,1.0,1.0,1.0,1.0,1.0,1.0,1.0,1.0,1.0,1.0,1.0,1.0,1.0,1.0,1.0,1.0,1.0,1.0,1.0,1.0,1.0,1.0,1.0,1.0,1.0,1.0,1.0,1.0,1.0,1.0,1.0,1.0,1.0,1.0,1.0,1.0,1.0,1.0,1.0,1.0,1.0,1.0
IGHJ0-7IA7,12,0.0022366843310662,0.016599343237328,0.0602965986794295,0.1559881118342187,0.314072134954172,0.5118049072238875,0.7028007584058424,0.8330919358168942,0.92212776103402,0.9734610890258674,0.9953882020007704,1.0,1.0,1.0,1.0,1.0,1.0,1.0,1.0,1.0,1.0,1.0,1.0,1.0,1.0,1.0,1.0,1.0,1.0,1.0,1.0,1.0,1.0,1.0,1.0,1.0,1.0,1.0,1.0,1.0,1.0,1.0,1.0,1.0,1.0,1.0,1.0,1.0,1.0,1.0,1.0,1.0,1.0,1.0,1.0,1.0,1.0,1.0,1.0,1.0,1.0,1.0,1.0,1.0,1.0,1.0,1.0,1.0,1.0,1.0,1.0,1.0,1.0,1.0,1.0,1.0,1.0,1.0,1.0,1.0,1.0,1.0
IGHJ0-7IA7,15,0.0030531411290477,0.020555698802539,0.0735919496672579,0.1748403669374426,0.3139763202570839,0.4759622261015914,0.6367636454756997,0.7749270524927053,0.8750741345542586,0.9384378209003688,0.9734941289770374,0.9907636423861408,0.9975981003972508,0.9995044525644896,0.9999528481805614,1.0,1.0,1.0,1.0,1.0,1.0,1.0,1.0,1.0,1.0,1.0,1.0,1.0,1.0,1.0,1.0,1.0,1.0,1.0,1.0,1.0,1.0,1.0,1.0,1.0,1.0,1.0,1.0,1.0,1.0,1.0,1.0,1.0,1.0,1.0,1.0,1.0,1.0,1.0,1.0,1.0,1.0,1.0,1.0,1.0,1.0,1.0,1.0,1.0,1.0,1.0,1.0,1.0,1.0,1.0,1.0,1.0,1.0,1.0,1.0,1.0,1.0,1.0,1.0,1.0,1.0,1.0
IGHJ0-7IA7,18,0.0012821192190698,0.0088765495281818,0.0343523760656398,0.0922758495034033,0.1915902535548911,0.3316311526809374,0.4878538165955559,0.6333811147794056,0.7563877464749873,0.8532228399173375,0.9210551248498388,0.9618096955925434,0.9831473571533004,0.9934063716425424,0.9977898387195326,0.9994537907756148,0.9999127641900312,0.9999925336595562,1.0,1.0,1.0,1.0,1.0,1.0,1.0,1.0,1.0,1.0,1.0,1.0,1.0,1.0,1.0,1.0,1.0,1.0,1.0,1.0,1.0,1.0,1.0,1.0,1.0,1.0,1.0,1.0,1.0,1.0,1.0,1.0,1.0,1.0,1.0,1.0,1.0,1.0,1.0,1.0,1.0,1.0,1.0,1.0,1.0,1.0,1.0,1.0,1.0,1.0,1.0,1.0,1.0,1.0,1.0,1.0,1.0,1.0,1.0,1.0,1.0,1.0,1.0,1.0
IGHJ0-7IA7,21,0.0005668405923858,0.0040509534113947,0.0166937421534161,0.0493108139044194,0.1098817274463266,0.2049093419658369,0.3280536753473709,0.4702180603535289,0.6128586962613607,0.7369461761886171,0.8325896729296303,0.9013694674804216,0.9466408640399994,0.9741249657050768,0.9884185025177964,0.9952491006590416,0.9983242212989564,0.9994556300721849,0.9998833343833124,0.9999827865421642,0.9999985914338324,1.0,1.0,1.0,1.0,1.0,1.0,1.0,1.0,1.0,1.0,1.0,1.0,1.0,1.0,1.0,1.0,1.0,1.0,1.0,1.0,1.0,1.0,1.0,1.0,1.0,1.0,1.0,1.0,1.0,1.0,1.0,1.0,1.0,1.0,1.0,1.0,1.0,1.0,1.0,1.0,1.0,1.0,1.0,1.0,1.0,1.0,1.0,1.0,1.0,1.0,1.0,1.0,1.0,1.0,1.0,1.0,1.0,1.0,1.0,1.0,1.0
IGHJ0-7IA7,24,0.0002316675758851,0.0017368486985776,0.0072067698667506,0.022258320527769,0.05456071383817,0.1115834521329542,0.1967018755464511,0.307126394307457,0.4337255950654856,0.5627406715115782,0.6837793906298519,0.7864445957776671,0.8651803195706758,0.9209410901531004,0.9573726867270944,0.9791489645363582,0.990790269695515,0.9963512732445248,0.9987324305920672,0.9996277225621768,0.9999072942988247,0.9999827737243048,0.9999978920808364,0.9999999503366234,1.0,1.0,1.0,1.0,1.0,1.0,1.0,1.0,1.0,1.0,1.0,1.0,1.0,1.0,1.0,1.0,1.0,1.0,1.0,1.0,1.0,1.0,1.0,1.0,1.0,1.0,1.0,1.0,1.0,1.0,1.0,1.0,1.0,1.0,1.0,1.0,1.0,1.0,1.0,1.0,1.0,1.0,1.0,1.0,1.0,1.0,1.0,1.0,1.0,1.0,1.0,1.0,1.0,1.0,1.0,1.0,1.0,1.0
IGHJ0-7IA7,27,9.163665001210474e-05,0.000796234990754,0.0034314680541588,0.011321368786394,0.0293345620065354,0.0634560919705451,0.1198367390715287,0.2015090339911039,0.3057167662441378,0.4259561803300256,0.5495800446747813,0.665460997170615,0.764651495346277,0.8436038121372894,0.9022910362970216,0.9427214204986034,0.968698300013016,0.9842411774508072,0.9927529482658004,0.9969863415730976,0.9988857855210744,0.9996332453761936,0.9998923117702956,0.9999721827323644,0.999992836845762,0.999998729382412,0.9999999092126508,1.0,1.0,1.0,1.0,1.0,1.0,1.0,1.0,1.0,1.0,1.0,1.0,1.0,1.0,1.0,1.0,1.0,1.0,1.0,1.0,1.0,1.0,1.0,1.0,1.0,1.0,1.0,1.0,1.0,1.0,1.0,1.0,1.0,1.0,1.0,1.0,1.0,1.0,1.0,1.0,1.0,1.0,1.0,1.0,1.0,1.0,1.0,1.0,1.0,1.0,1.0,1.0,1.0,1.0,1.0
IGHJ0-7IA7,30,1.3009536624012728e-05,0.000132896644345,0.0006838177367049,0.0024854402559964,0.0072995990304721,0.0182796090397084,0.0403966548348916,0.0795531504375929,0.1412399067833439,0.2272940711226848,0.3355051123783111,0.4575700309606045,0.5810296191103893,0.6938070836721547,0.7890869140501193,0.8626400563111115,0.9156002508876724,0.9511191023805662,0.9732437460407882,0.9864296349380752,0.9936556291919432,0.9972986346583528,0.9989562985664306,0.9996427851170548,0.9998993918724676,0.9999748572360746,0.9999952175367266,0.99999900320871,0.9999999146391764,1.0,1.0,1.0,1.0,1.0,1.0,1.0,1.0,1.0,1.0,1.0,1.0,1.0,1.0,1.0,1.0,1.0,1.0,1.0,1.0,1.0,1.0,1.0,1.0,1.0,1.0,1.0,1.0,1.0,1.0,1.0,1.0,1.0,1.0,1.0,1.0,1.0,1.0,1.0,1.0,1.0,1.0,1.0,1.0,1.0,1.0,1.0,1.0,1.0,1.0,1.0,1.0,1.0
IGHJ0-7IA7,33,1.0482655855279452e-05,9.484518113363509e-05,0.0004071998810392,0.0013309071156421,0.0034570648440198,0.0080931238614622,0.0171780260754969,0.0345006964396246,0.0647144417971579,0.1133749672910139,0.1836588740353998,0.2761254216700218,0.3864617952725745,0.5052150400614156,0.6223530764121905,0.7275656014061803,0.8135855342572528,0.8795843001273053,0.9262550357566816,0.9573399796068568,0.9767080693658392,0.9880330901176836,0.9942827750965224,0.9974929304048272,0.9990144288850834,0.9996472973339366,0.9998912223507008,0.9999699998991104,0.999992206268266,0.999998120305859,0.9999998327999652,0.9999999581999912,0.9999999581999912,1.0,1.0,1.0,1.0,1.0,1.0,1.0,1.0,1.0,1.0,1.0,1.0,1.0,1.0,1.0,1.0,1.0,1.0,1.0,1.0,1.0,1.0,1.0,1.0,1.0,1.0,1.0,1.0,1.0,1.0,1.0,1.0,1.0,1.0,1.0,1.0,1.0,1.0,1.0,1.0,1.0,1.0,1.0,1.0,1.0,1.0,1.0,1.0,1.0
IGHJ0-7IA7,36,1.1162722636649732e-05,5.707941691244857e-05,0.0002934540087317,0.0009242866833426,0.0024140445218211,0.0053973449076285,0.0104711796575825,0.0194040432533651,0.0345809579355533,0.0595348574321907,0.0993660857169325,0.1578060610555923,0.2362771156627463,0.3330554989507838,0.4414622632273038,0.5540939326886655,0.661287878551576,0.755806022794265,0.8330362154128301,0.8917979803165094,0.9334212461864416,0.9613127352281156,0.9788765733435952,0.9891350189031574,0.9947869657980516,0.9976692900424442,0.9990478327461548,0.9996516774534332,0.9998784123680696,0.9999587148185344,0.9999903344066342,0.9999982319047944,0.9999998737343676,1.0,1.0,1.0,1.0,1.0,1.0,1.0,1.0,1.0,1.0,1.0,1.0,1.0,1.0,1.0,1.0,1.0,1.0,1.0,1.0,1.0,1.0,1.0,1.0,1.0,1.0,1.0,1.0,1.0,1.0,1.0,1.0,1.0,1.0,1.0,1.0,1.0,1.0,1.0,1.0,1.0,1.0,1.0,1.0,1.0,1.0,1.0,1.0,1.0
IGHJ0-7IA7,39,7.532303458066447e-06,8.246655380342392e-05,0.0003944557239782,0.0011807635420536,0.0030172443993639,0.0061754174011468,0.0109056179692197,0.0174952500516612,0.0269811510144548,0.0408151001179102,0.0617572326393197,0.0931661095139555,0.1392508118927312,0.2024765211594208,0.2824119411869472,0.3757517315251689,0.47806910531228,0.5820133882155041,0.6804338212507436,0.7679344837695533,0.8400867832854537,0.8954315971706158,0.9351186301218508,0.961935587950576,0.9790863813722342,0.989228628505614,0.9948318262018792,0.9977263705992208,0.9990835877770168,0.999670539809531,0.999888255375764,0.9999671388220184,0.999990384457494,0.99999770337799,0.9999996543265892,1.0,1.0,1.0,1.0,1.0,1.0,1.0,1.0,1.0,1.0,1.0,1.0,1.0,1.0,1.0,1.0,1.0,1.0,1.0,1.0,1.0,1.0,1.0,1.0,1.0,1.0,1.0,1.0,1.0,1.0,1.0,1.0,1.0,1.0,1.0,1.0,1.0,1.0,1.0,1.0,1.0,1.0,1.0,1.0,1.0,1.0,1.0
IGHJ0-7IA7,42,4.65727191685756e-06,7.814003217408854e-05,0.0003765442753547,0.0012101342036808,0.0032072927899737,0.0065954056720642,0.011851563233516,0.0188560872638509,0.0275332863167929,0.0384265278270564,0.0523739620262354,0.0722746622289376,0.1012475041229241,0.1428153131698207,0.1982270943096594,0.2680228185579999,0.3507937997134949,0.4438145448035226,0.5425281225110923,0.6407757463967251,0.7316920721948867,0.8099480789574732,0.8726320314035229,0.9191270219860096,0.9512802385232548,0.9721820086988072,0.9848928038906511,0.9923425003075148,0.9963267051569898,0.9983069584248604,0.9992915696091496,0.9997225905653904,0.9999009966243934,0.9999687573527752,0.9999925319728246,0.9999983168878174,0.9999996371237808,0.999999825518186,1.0,1.0,1.0,1.0,1.0,1.0,1.0,1.0,1.0,1.0,1.0,1.0,1.0,1.0,1.0,1.0,1.0,1.0,1.0,1.0,1.0,1.0,1.0,1.0,1.0,1.0,1.0,1.0,1.0,1.0,1.0,1.0,1.0,1.0,1.0,1.0,1.0,1.0,1.0,1.0,1.0,1.0,1.0,1.0
IGHJ0-7IA7,45,1.1622582724844634e-06,2.5220426207160685e-05,0.0001513855896737,0.0005638542518284,0.0016462502880437,0.0040785974654369,0.0081670780352334,0.014080195700756,0.0217199347832442,0.0309760175269904,0.0416791418212771,0.0547178776580747,0.0717155866400521,0.0947938330522155,0.1275635736850226,0.1714091951791889,0.2275125212323927,0.2957782971416143,0.3747704633714572,0.4611370775067567,0.5532048895212849,0.6448767525423121,0.7314588114233562,0.8072676161115845,0.8697070790877188,0.916268716667345,0.9495001149160752,0.9710042494751764,0.9841129888166308,0.991699397126528,0.9958972062770036,0.998070916222051,0.9991209571174048,0.9996230475462052,0.999839026604604,0.9999314703612036,0.9999682233899132,0.9999890523839928,0.9999980224494186,0.9999997578678148,1.0,1.0,1.0,1.0,1.0,1.0,1.0,1.0,1.0,1.0,1.0,1.0,1.0,1.0,1.0,1.0,1.0,1.0,1.0,1.0,1.0,1.0,1.0,1.0,1.0,1.0,1.0,1.0,1.0,1.0,1.0,1.0,1.0,1.0,1.0,1.0,1.0,1.0,1.0,1.0,1.0,1.0
IGHJ0-7IA7,48,4.2638047720437197e-07,9.655441045496992e-06,0.0001620806448355,0.0004364830774782,0.0012928389917295,0.0033116106394154,0.0069833889261413,0.0126197555031568,0.0199578286245611,0.0290863315838809,0.0395530394250476,0.0509335274852009,0.0643238672309231,0.0802345645134113,0.1009959579810085,0.1298430677583289,0.167600015351952,0.2158127121656955,0.2731143778643164,0.3394793169948635,0.4156386150091415,0.4986209938485129,0.5848490424240497,0.6699162778797115,0.750149262300934,0.8208446259407061,0.8779007485779375,0.9216019441062744,0.9528652722966974,0.9734453681956452,0.985815442739616,0.9925475119795116,0.9961618456273414,0.998069937303475,0.9991140885169536,0.999574741449574,0.9998434882798138,0.999925381948651,0.9999826323901454,0.9999963805097462,1.0,1.0,1.0,1.0,1.0,1.0,1.0,1.0,1.0,1.0,1.0,1.0,1.0,1.0,1.0,1.0,1.0,1.0,1.0,1.0,1.0,1.0,1.0,1.0,1.0,1.0,1.0,1.0,1.0,1.0,1.0,1.0,1.0,1.0,1.0,1.0,1.0,1.0,1.0,1.0,1.0,1.0
IGHJ0-7IA7,51,1.0015762305928956e-06,1.1423717410865766e-05,3.838293718569587e-05,0.0001594317282761,0.0005984100067408,0.0016642044393343,0.0036322157110801,0.0071517883981148,0.0123044309596407,0.0190334708345941,0.0270107792697369,0.0367881473758509,0.0466348257065479,0.0572525195720836,0.069820191191776,0.0853399851056405,0.1063108469430738,0.134618192761464,0.172603653057577,0.2181957743100775,0.2732799906552124,0.3370199362632692,0.4090157293852701,0.4894693710399992,0.5753589597187401,0.6619066680890996,0.7457514444798569,0.8181345856534661,0.8782726886710769,0.9240725051078132,0.954395167024288,0.9749044431565228,0.9871076466211084,0.9939368686615012,0.9972374816807196,0.998914037065298,0.9995623155822138,0.9998533310829284,0.9999350212236924,0.9999725377373492,0.9999792862346892,1.0,1.0,1.0,1.0,1.0,1.0,1.0,1.0,1.0,1.0,1.0,1.0,1.0,1.0,1.0,1.0,1.0,1.0,1.0,1.0,1.0,1.0,1.0,1.0,1.0,1.0,1.0,1.0,1.0,1.0,1.0,1.0,1.0,1.0,1.0,1.0,1.0,1.0,1.0,1.0,1.0
IGHJ0-7IA7,54,0.0,1.4066501919796186e-07,6.248825432622241e-06,0.0001957569599497,0.0003266706997012,0.000687699201386,0.0013791212742503,0.0033928704207402,0.0065755479772296,0.011379008117874,0.0167345697387715,0.0238342209167696,0.0317184016883908,0.0413444788817108,0.0506935678144081,0.0615092744976934,0.0741727016616869,0.0900364181307106,0.1122410224990984,0.1416195628851985,0.1792032682163422,0.222863573610504,0.2768460734395505,0.3387637638820962,0.4102520527336317,0.4879569730433069,0.5742927708260792,0.662126499898539,0.746126562969467,0.817973412518005,0.8763478466464677,0.9224961635109524,0.9542137600847356,0.9744113825126312,0.986610144380276,0.9934360437331428,0.9968435744734444,0.998468597897115,0.9993595969911832,0.9998096128669748,0.9999319222657268,0.999971664870761,1.0,1.0,1.0,1.0,1.0,1.0,1.0,1.0,1.0,1.0,1.0,1.0,1.0,1.0,1.0,1.0,1.0,1.0,1.0,1.0,1.0,1.0,1.0,1.0,1.0,1.0,1.0,1.0,1.0,1.0,1.0,1.0,1.0,1.0,1.0,1.0,1.0,1.0,1.0,1.0
IGHJ0-7IA7,57,0.0,0.0,1.0048688921667536e-05,4.118496508295048e-05,0.0001099293715144,0.0002347013028373,0.0006022194974778,0.0010107131818628,0.0024175421547812,0.0036460735954746,0.0074176807386564,0.0117841578563671,0.0169412793609155,0.0245935304824212,0.0314821841546125,0.0417029625337996,0.0508945814955411,0.0636165907037696,0.0789662909406155,0.0984500480549761,0.1234821694771148,0.1511138261001872,0.1894293175235238,0.2322269886947812,0.2838121991831752,0.3452143973972926,0.4144509701458991,0.4855700700939216,0.5636515029192464,0.6459864826045231,0.7228044765443427,0.7937271424769524,0.8560118824439283,0.9059075196252774,0.9444191793268653,0.9698379153295832,0.984619483163176,0.9922583758357826,0.9967553280339884,0.9986888004841056,0.9997102289191538,0.999855114459577,1.0,1.0,1.0,1.0,1.0,1.0,1.0,1.0,1.0,1.0,1.0,1.0,1.0,1.0,1.0,1.0,1.0,1.0,1.0,1.0,1.0,1.0,1.0,1.0,1.0,1.0,1.0,1.0,1.0,1.0,1.0,1.0,1.0,1.0,1.0,1.0,1.0,1.0,1.0,1.0
IGHJ0-7IA7,60,0.0,0.0,0.0,0.0,0.0007382798080472,0.0014765596160944,0.0018456995201181,0.0039869073144679,0.0057589752047941,0.0105587757121651,0.0153585762195361,0.0220786896318811,0.0296107144820652,0.038545667318552,0.0499173362236202,0.0598124455125939,0.0790862609269338,0.1010186690542949,0.1294502957046252,0.1582490987488513,0.2035894928646041,0.2508492181302671,0.3029116891684927,0.3767583233194316,0.4410024111904369,0.5257779427126285,0.6114370537923235,0.6907471548738249,0.7738949365000826,0.8398374606316219,0.8907905484476489,0.9297043739151608,0.958354931944739,0.9800634999175326,0.9928371150538394,0.9964558642193476,0.9979324238354422,0.9994089834515366,1.0,1.0,1.0,1.0,1.0,1.0,1.0,1.0,1.0,1.0,1.0,1.0,1.0,1.0,1.0,1.0,1.0,1.0,1.0,1.0,1.0,1.0,1.0,1.0,1.0,1.0,1.0,1.0,1.0,1.0,1.0,1.0,1.0,1.0,1.0,1.0,1.0,1.0,1.0,1.0,1.0,1.0,1.0,1.0
IGHJ0-7IA7,63,0.0,0.0,0.0,0.0,0.0,0.0,0.0,0.0002418964683115,0.0016918729798139,0.003785971874569,0.0073300472808266,0.0105520614954577,0.0144983628166565,0.0201365371176691,0.0277084808668073,0.0345561375093778,0.0417258553435747,0.0512315685408384,0.0611409099514103,0.0736267408949935,0.0956182850358404,0.1150333396436759,0.1493503852814763,0.187291671048849,0.2358623784382603,0.2970834531129855,0.3748955872007554,0.4637491849140742,0.5654894371875504,0.6573203480504547,0.7506884116400113,0.8334158352205933,0.8945525382769025,0.9432062149863626,0.9656801497654656,0.983001105478546,0.9907347809726808,0.9947626493155616,0.9986301882118126,0.999436042340062,1.0,1.0,1.0,1.0,1.0,1.0,1.0,1.0,1.0,1.0,1.0,1.0,1.0,1.0,1.0,1.0,1.0,1.0,1.0,1.0,1.0,1.0,1.0,1.0,1.0,1.0,1.0,1.0,1.0,1.0,1.0,1.0,1.0,1.0,1.0,1.0,1.0,1.0,1.0,1.0,1.0,1.0
IGHJ0-OHJS,12,0.0009714518141278,0.0183483696942364,0.0692112186287,0.1630956212441488,0.2925498311607146,0.4538098636218623,0.6362121128453603,0.7938991266849706,0.9129247520200918,0.9711156518903432,0.9930171669476304,0.9985435516288512,1.0,1.0,1.0,1.0,1.0,1.0,1.0,1.0,1.0,1.0,1.0,1.0,1.0,1.0,1.0,1.0,1.0,1.0,1.0,1.0,1.0,1.0,1.0,1.0,1.0,1.0,1.0,1.0,1.0,1.0,1.0,1.0,1.0,1.0,1.0,1.0,1.0,1.0,1.0,1.0,1.0,1.0,1.0,1.0,1.0,1.0,1.0,1.0,1.0,1.0,1.0,1.0,1.0,1.0,1.0,1.0,1.0,1.0,1.0,1.0,1.0,1.0,1.0,1.0,1.0,1.0,1.0,1.0,1.0,1.0
IGHJ0-OHJS,15,0.0024615770340577,0.0163524857503115,0.0533686728616949,0.1269472749561064,0.2400117208687269,0.3861324154407675,0.5496945378518576,0.698618654242085,0.8156486027496437,0.8982719432578384,0.9508636343378144,0.9812782995699576,0.9945864454035892,0.9988678537566292,0.9998935828918066,1.0,1.0,1.0,1.0,1.0,1.0,1.0,1.0,1.0,1.0,1.0,1.0,1.0,1.0,1.0,1.0,1.0,1.0,1.0,1.0,1.0,1.0,1.0,1.0,1.0,1.0,1.0,1.0,1.0,1.0,1.0,1.0,1.0,1.0,1.0,1.0,1.0,1.0,1.0,1.0,1.0,1.0,1.0,1.0,1.0,1.0,1.0,1.0,1.0,1.0,1.0,1.0,1.0,1.0,1.0,1.0,1.0,1.0,1.0,1.0,1.0,1.0,1.0,1.0,1.0,1.0,1.0
IGHJ0-OHJS,18,0.0026862600239185,0.013858688375182,0.0419384222005806,0.0976089381753636,0.1848811405999768,0.3039108620792479,0.4360421904879725,0.5657817380059793,0.6894352453630266,0.7978029657258027,0.8791532051726003,0.932305829982615,0.96585392558138,0.984845349065614,0.9942622283173674,0.9981363391650976,0.9996045999368708,0.9999622870871416,1.0,1.0,1.0,1.0,1.0,1.0,1.0,1.0,1.0,1.0,1.0,1.0,1.0,1.0,1.0,1.0,1.0,1.0,1.0,1.0,1.0,1.0,1.0,1.0,1.0,1.0,1.0,1.0,1.0,1.0,1.0,1.0,1.0,1.0,1.0,1.0,1.0,1.0,1.0,1.0,1.0,1.0,1.0,1.0,1.0,1.0,1.0,1.0,1.0,1.0,1.0,1.0,1.0,1.0,1.0,1.0,1.0,1.0,1.0,1.0,1.0,1.0,1.0,1.0
IGHJ0-OHJS,21,0.0012771208329411,0.0074202239360752,0.0258191757085179,0.0642664248376659,0.1270772655015982,0.2153836866667508,0.3257183706840946,0.4484495627706414,0.5749410162831708,0.6923145263026295,0.7905222808013415,0.8688771225088384,0.924979870456612,0.9599836813170636,0.9800231548778162,0.9908633894603672,0.9965131831513196,0.9989494615233584,0.999749801893466,0.9999756259533874,0.9999976932467448,1.0,1.0,1.0,1.0,1.0,1.0,1.0,1.0,1.0,1.0,1.0,1.0,1.0,1.0,1.0,1.0,1.0,1.0,1.0,1.0,1.0,1.0,1.0,1.0,1.0,1.0,1.0,1.0,1.0,1.0,1.0,1.0,1.0,1.0,1.0,1.0,1.0,1.0,1.0,1.0,1.0,1.0,1.0,1.0,1.0,1.0,1.0,1.0,1.0,1.0,1.0,1.0,1.0,1.0,1.0,1.0,1.0,1.0,1.0,1.0,1.0
IGHJ0-OHJS,24,0.0003702982817558,0.0019612502570439,0.0070647841313577,0.0198213047904871,0.0481578913383571,0.0975555942418745,0.1738698035729331,0.2755594436985112,0.3955880010620935,0.5219839235150391,0.6443094995955589,0.751478283976525,0.8374622037487496,0.9003622590598718,0.9437255120264288,0.9705949256920228,0.9856665400044702,0.993500335440737,0.9974734394215372,0.9991685585887398,0.9997677069968252,0.9999509052850049,0.9999944484776644,0.9999993212369948,1.0,1.0,1.0,1.0,1.0,1.0,1.0,1.0,1.0,1.0,1.0,1.0,1.0,1.0,1.0,1.0,1.0,1.0,1.0,1.0,1.0,1.0,1.0,1.0,1.0,1.0,1.0,1.0,1.0,1.0,1.0,1.0,1.0,1.0,1.0,1.0,1.0,1.0,1.0,1.0,1.0,1.0,1.0,1.0,1.0,1.0,1.0,1.0,1.0,1.0,1.0,1.0,1.0,1.0,1.0,1.0,1.0,1.0
IGHJ0-OHJS,27,0.0001815926450272,0.0011712804500278,0.004192260779049,0.0116686202238744,0.0279909900446683,0.0603803078779351,0.1161215381499678,0.1981088123138333,0.3045937124119574,0.4260737296280101,0.5490398597657521,0.6637908170986612,0.7622747522549608,0.8408918079029271,0.8992966196441678,0.9399042166996114,0.9663886287373876,0.9826063980875164,0.991704254294371,0.99625191218106,0.9985067543541865,0.9994878920057234,0.9998497860110432,0.999969491987715,0.9999938369655104,0.9999995862456544,1.0,1.0,1.0,1.0,1.0,1.0,1.0,1.0,1.0,1.0,1.0,1.0,1.0,1.0,1.0,1.0,1.0,1.0,1.0,1.0,1.0,1.0,1.0,1.0,1.0,1.0,1.0,1.0,1.0,1.0,1.0,1.0,1.0,1.0,1.0,1.0,1.0,1.0,1.0,1.0,1.0,1.0,1.0,1.0,1.0,1.0,1.0,1.0,1.0,1.0,1.0,1.0,1.0,1.0,1.0,1.0
IGHJ0-OHJS,30,8.172145108517614e-05,0.0003524696171191,0.0013190385492301,0.0040522343719484,0.0104577623194104,0.0235589253209555,0.0486509719517419,0.0915764891207618,0.1588569160364574,0.2523080896740747,0.3676743257770324,0.4943744111869115,0.618549533568162,0.7281874546784751,0.8170785392526753,0.883360604938921,0.929916309745382,0.9598845752873107,0.9781089186896618,0.9887511498722612,0.9947097878252866,0.9977018399614468,0.999097326866056,0.9996601971929516,0.9998880027355852,0.999969605239192,0.9999938760061438,0.9999991630138456,0.999999871217018,1.0,1.0,1.0,1.0,1.0,1.0,1.0,1.0,1.0,1.0,1.0,1.0,1.0,1.0,1.0,1.0,1.0,1.0,1.0,1.0,1.0,1.0,1.0,1.0,1.0,1.0,1.0,1.0,1.0,1.0,1.0,1.0,1.0,1.0,1.0,1.0,1.0,1.0,1.0,1.0,1.0,1.0,1.0,1.0,1.0,1.0,1.0,1.0,1.0,1.0,1.0,1.0,1.0
IGHJ0-OHJS,33,1.605987546422627e-05,0.000145408954459,0.0006219891119638,0.0020072333981722,0.0051576123060722,0.0116506730989852,0.0238747546949514,0.0463183299088135,0.0839489963411683,0.1425978361267993,0.2254219699570447,0.3306365484810881,0.4523787684279043,0.5775148046990364,0.6933466021771489,0.7906554597727111,0.8646927514646686,0.9167206108069216,0.9511130960153414,0.9725366401840564,0.9853200989295898,0.9924670218302114,0.9963968119447986,0.9983784576903036,0.9993261981517632,0.9997496650276708,0.9999076526951896,0.9999736728872132,0.9999913078886856,0.9999984340729784,0.9999996635425472,1.0,1.0,1.0,1.0,1.0,1.0,1.0,1.0,1.0,1.0,1.0,1.0,1.0,1.0,1.0,1.0,1.0,1.0,1.0,1.0,1.0,1.0,1.0,1.0,1.0,1.0,1.0,1.0,1.0,1.0,1.0,1.0,1.0,1.0,1.0,1.0,1.0,1.0,1.0,1.0,1.0,1.0,1.0,1.0,1.0,1.0,1.0,1.0,1.0,1.0,1.0
IGHJ0-OHJS,36,1.3627261777745545e-05,0.0001001123795169,0.0004316932670883,0.0013959317054734,0.0035667741821908,0.0077759999560359,0.0154490034133818,0.0282724953127558,0.0492220317949266,0.0824427365472076,0.1329409579881151,0.204504552281492,0.296976030716882,0.4064233310990467,0.5243391264592411,0.640730943347218,0.7448283022683325,0.8297947200494644,0.8929863097919116,0.9362890401427026,0.9639275520581048,0.9804681104167632,0.989878835747262,0.9949834995039932,0.9976564330008816,0.9989644138565836,0.9995725176188156,0.9998442899066712,0.9999420904411336,0.9999779055822692,0.9999940907436768,0.9999982091427886,0.9999994881087082,0.9999999573106294,1.0,1.0,1.0,1.0,1.0,1.0,1.0,1.0,1.0,1.0,1.0,1.0,1.0,1.0,1.0,1.0,1.0,1.0,1.0,1.0,1.0,1.0,1.0,1.0,1.0,1.0,1.0,1.0,1.0,1.0,1.0,1.0,1.0,1.0,1.0,1.0,1.0,1.0,1.0,1.0,1.0,1.0,1.0,1.0,1.0,1.0,1.0,1.0
IGHJ0-OHJS,39,1.7219475223636344e-05,0.0001403023571242,0.0005557026399175,0.0016772996704676,0.0040359276404255,0.0080559815679686,0.0143882053014764,0.023512172778377,0.0366660072377668,0.0557869761539709,0.0840686794427315,0.1260922840722151,0.1854824575616523,0.2644866453809082,0.3600539057278393,0.467457265595618,0.5783752665857765,0.6842806136498861,0.7776681691273152,0.8534095482079734,0.9093161687026748,0.9470460196837798,0.970575076822538,0.9844133696626776,0.99218538866695,0.996322262514387,0.9983893829706098,0.999308212564981,0.9997185351304968,0.999888665298537,0.9999517532433632,0.9999849676135116,0.9999946654745075,0.9999994342289846,1.0,1.0,1.0,1.0,1.0,1.0,1.0,1.0,1.0,1.0,1.0,1.0,1.0,1.0,1.0,1.0,1.0,1.0,1.0,1.0,1.0,1.0,1.0,1.0,1.0,1.0,1.0,1.0,1.0,1.0,1.0,1.0,1.0,1.0,1.0,1.0,1.0,1.0,1.0,1.0,1.0,1.0,1.0,1.0,1.0,1.0,1.0,1.0
IGHJ0-OHJS,42,5.152400641387615e-06,6.308837291765352e-05,0.0003869786131201,0.001194715508659,0.0031066870325028,0.0065305701492463,0.01201011935551,0.0197470393829997,0.030064808679752,0.0439650681670215,0.0626254165692011,0.0892358160947895,0.1276046744606291,0.1805985150529134,0.2504638134913462,0.3360483804909999,0.4331522821459952,0.5354169892987483,0.6367777761579958,0.7304355407925303,0.8102229128105873,0.8745059506809907,0.922308842739234,0.9549328099124046,0.9753681004873532,0.987247176159698,0.993630583849168,0.997029599937726,0.99868663978174,0.999481616022792,0.999796270153038,0.9999227803955616,0.9999740246233568,0.9999917654640892,0.9999973911523026,0.999999161432772,0.9999998727938476,1.0,1.0,1.0,1.0,1.0,1.0,1.0,1.0,1.0,1.0,1.0,1.0,1.0,1.0,1.0,1.0,1.0,1.0,1.0,1.0,1.0,1.0,1.0,1.0,1.0,1.0,1.0,1.0,1.0,1.0,1.0,1.0,1.0,1.0,1.0,1.0,1.0,1.0,1.0,1.0,1.0,1.0,1.0,1.0,1.0
IGHJ0-OHJS,45,4.409359463349479e-06,4.272447420460829e-05,0.0002048023785859,0.0007753026351272,0.0020532015046372,0.0045536480900261,0.0088891546994971,0.0149318331324993,0.0233003357169689,0.0334055841024754,0.0461302640402198,0.0623667669962574,0.0846588587871995,0.1160574079775717,0.1599958748629838,0.2183855333477844,0.291078857246406,0.3765199397725537,0.4705625397922334,0.5675257743883227,0.6614349224307086,0.7478758992191572,0.8220402665808595,0.8821107300409384,0.9269211298675804,0.9577915030658298,0.9769768210532837,0.9881339133420236,0.9941311914227744,0.9971749261789272,0.9987144517227802,0.9993952680470244,0.999726544547876,0.9998780172909127,0.9999514898403278,0.9999797174639818,0.9999931336268058,0.9999975405476732,0.9999992415712214,0.999999528157218,1.0,1.0,1.0,1.0,1.0,1.0,1.0,1.0,1.0,1.0,1.0,1.0,1.0,1.0,1.0,1.0,1.0,1.0,1.0,1.0,1.0,1.0,1.0,1.0,1.0,1.0,1.0,1.0,1.0,1.0,1.0,1.0,1.0,1.0,1.0,1.0,1.0,1.0,1.0,1.0,1.0,1.0
IGHJ0-OHJS,48,8.248657325716845e-07,2.416681969747427e-05,0.0001433080166829,0.0004643766014709,0.0012553956132754,0.0031307645709333,0.006410775506956,0.0114828042422065,0.0187451708867166,0.02729463116779,0.0379824728418099,0.0495458133423321,0.063304911171271,0.0813962866629055,0.1058217372708827,0.1406128566568109,0.1879654532928012,0.2484740474823172,0.3207915078204665,0.4024438510626431,0.4906420658442559,0.5807022314837323,0.6688179719721378,0.7507932968658635,0.8221732004737397,0.8803643358777646,0.925112103958894,0.95556692840117,0.975916405509897,0.9877590404307398,0.9939050126786868,0.9970784326212162,0.9986975138452624,0.9994351602748908,0.999786049554071,0.9999244384850609,0.9999738926298544,0.9999924073704496,0.9999979321667932,1.0,1.0,1.0,1.0,1.0,1.0,1.0,1.0,1.0,1.0,1.0,1.0,1.0,1.0,1.0,1.0,1.0,1.0,1.0,1.0,1.0,1.0,1.0,1.0,1.0,1.0,1.0,1.0,1.0,1.0,1.0,1.0,1.0,1.0,1.0,1.0,1.0,1.0,1.0,1.0,1.0,1.0,1.0
IGHJ0-OHJS,51,4.452032672054543e-07,5.975596390777003e-06,5.0152386461187504e-05,0.0002051898516909,0.0007300483155684,0.001722780690328,0.0036980345554143,0.0069458488800467,0.0116211664866321,0.0179071556250476,0.0255917678382509,0.0343822746085882,0.0449660124461621,0.057334761896358,0.0725224778281178,0.0924550645655811,0.1203234599767489,0.1583431744287698,0.2082653928121405,0.2698587745575741,0.3404293727504002,0.4188737206942702,0.5003239331800741,0.5851364904821243,0.6699967536367583,0.7470952871452152,0.8162183819083958,0.8732078830147445,0.9170636402698936,0.9489645127583534,0.9699028967603566,0.9831886754876624,0.9913068515646388,0.9957704478571956,0.998075083185295,0.9992488617358266,0.9997071543372557,0.9999074150976904,0.999995579418436,0.9999990127405828,0.9999990127405828,0.9999990127405828,1.0,1.0,1.0,1.0,1.0,1.0,1.0,1.0,1.0,1.0,1.0,1.0,1.0,1.0,1.0,1.0,1.0,1.0,1.0,1.0,1.0,1.0,1.0,1.0,1.0,1.0,1.0,1.0,1.0,1.0,1.0,1.0,1.0,1.0,1.0,1.0,1.0,1.0,1.0,1.0
IGHJ0-OHJS,54,0.0,3.5090219653978045e-06,1.727518506041996e-05,6.775111640883454e-05,0.0003289286981644,0.0006600681205861,0.0015522189299518,0.0040647033919949,0.0074363315645462,0.0121190539124259,0.0186695302122891,0.0260634588696328,0.0345124574318275,0.0430480682477339,0.0527123741281021,0.0649143916790998,0.0817818338231743,0.1048274524026912,0.1333016237817446,0.1709737086250745,0.2184328600185803,0.2749780176587894,0.3385557060611004,0.4115564689967017,0.4891181268902687,0.57168804544488,0.6542077040797332,0.7316719745405944,0.8059381552446779,0.8663048989278608,0.91333910893857,0.9453165176684108,0.9692317463147478,0.9831551523712656,0.991888753006484,0.996426386629402,0.9982280031007308,0.9993487585788814,0.99983983983984,1.0,1.0,1.0,1.0,1.0,1.0,1.0,1.0,1.0,1.0,1.0,1.0,1.0,1.0,1.0,1.0,1.0,1.0,1.0,1.0,1.0,1.0,1.0,1.0,1.0,1.0,1.0,1.0,1.0,1.0,1.0,1.0,1.0,1.0,1.0,1.0,1.0,1.0,1.0,1.0,1.0,1.0,1.0
IGHJ0-OHJS,57,0.0,0.0,0.0,7.676301526364836e-05,0.0002856728056203,0.0010700505717229,0.0024493264541647,0.0049710219100455,0.0086261587980686,0.0129668247564046,0.0197113761309096,0.027404745064585,0.0380916409985494,0.0493195521342178,0.0642627376326651,0.084418779715842,0.112391202756979,0.1492958996371542,0.1976927125775902,0.2593134382348825,0.3331294602089353,0.4146163781743069,0.5058998890710757,0.6031630647246565,0.6928560740989799,0.7728784912789136,0.8411299719988179,0.8974185101180557,0.939853418009902,0.9684164542491231,0.9844135000707664,0.9929090539929852,0.9971610381121886,0.998946486400517,0.9995994373102156,0.9998637308604016,1.0,1.0,1.0,1.0,1.0,1.0,1.0,1.0,1.0,1.0,1.0,1.0,1.0,1.0,1.0,1.0,1.0,1.0,1.0,1.0,1.0,1.0,1.0,1.0,1.0,1.0,1.0,1.0,1.0,1.0,1.0,1.0,1.0,1.0,1.0,1.0,1.0,1.0,1.0,1.0,1.0,1.0,1.0,1.0,1.0,1.0
IGHJ0-OHJS,60,0.0,0.0,0.0,0.0002513826043237,0.0009658566763296,0.0009658566763296,0.0018819843075207,0.0056358976183893,0.0108092512448229,0.0203085755685307,0.0281476797522489,0.0407590203469353,0.0587331229201625,0.0703266878904756,0.088681249595096,0.1077899591126878,0.1243473587489814,0.1507231150638858,0.1870148429793994,0.2267970571354792,0.2811396984686191,0.3493756313079468,0.420323010678514,0.4888452185751213,0.5716362498277733,0.6431286047854853,0.7172481315109692,0.7911084102308613,0.8510417459365897,0.906902135976546,0.9511351635446864,0.9760393598548824,0.9884814027058076,0.9958327242665878,0.9984191273419416,0.9997983464408146,1.0,1.0,1.0,1.0,1.0,1.0,1.0,1.0,1.0,1.0,1.0,1.0,1.0,1.0,1.0,1.0,1.0,1.0,1.0,1.0,1.0,1.0,1.0,1.0,1.0,1.0,1.0,1.0,1.0,1.0,1.0,1.0,1.0,1.0,1.0,1.0,1.0,1.0,1.0,1.0,1.0,1.0,1.0,1.0,1.0,1.0
IGHJ0-OHJS,63,0.0,0.0,0.0,0.0,0.0,0.0,0.0002693213219529,0.0004156485095443,0.0015486728716246,0.0036993575970517,0.0075126363606563,0.0127191878404853,0.0197528064817007,0.0281161870644796,0.035644526342738,0.0431534184179625,0.0478733220427227,0.0563870572280534,0.0699232820022062,0.0868290595059228,0.1112996097238969,0.1436716418833696,0.1819874912245875,0.2354140142828281,0.2961198431694249,0.3659492087476007,0.4498800764361506,0.5337047946585399,0.6308289818709855,0.7230101675968318,0.8046191059221881,0.8709416558314483,0.9202096667509542,0.9534514476892372,0.9749778837113064,0.9866864571129624,0.9940560679251128,0.9972720793061812,0.9985266549704422,0.999170145813092,0.9996582365003418,0.9997721576668944,0.9997721576668944,0.9997721576668944,0.9998860788334472,1.0,1.0,1.0,1.0,1.0,1.0,1.0,1.0,1.0,1.0,1.0,1.0,1.0,1.0,1.0,1.0,1.0,1.0,1.0,1.0,1.0,1.0,1.0,1.0,1.0,1.0,1.0,1.0,1.0,1.0,1.0,1.0,1.0,1.0,1.0,1.0,1.0
IGHJ0-TXGH,15,0.0045667037343443,0.0259012870963115,0.076152726049512,0.1569147630569363,0.2639101290178139,0.4006308975510954,0.5445284938964922,0.6778843033937482,0.7905115834009534,0.8740574189407319,0.9315789676193316,0.9692385491107092,0.9898241407018163,0.997438972700916,0.9995997002149952,1.0,1.0,1.0,1.0,1.0,1.0,1.0,1.0,1.0,1.0,1.0,1.0,1.0,1.0,1.0,1.0,1.0,1.0,1.0,1.0,1.0,1.0,1.0,1.0,1.0,1.0,1.0,1.0,1.0,1.0,1.0,1.0,1.0,1.0,1.0,1.0,1.0,1.0,1.0,1.0,1.0,1.0,1.0,1.0,1.0,1.0,1.0,1.0,1.0,1.0,1.0,1.0,1.0,1.0,1.0,1.0,1.0,1.0,1.0,1.0,1.0,1.0,1.0,1.0,1.0,1.0,1.0
IGHJ0-TXGH,18,0.0023240949488264,0.0160973292757227,0.0556524233086292,0.1325872990717954,0.2407939277290453,0.3661154862728918,0.4850225897855044,0.5949042131347407,0.6983532233818703,0.7899885641234707,0.864284561636041,0.9191592435059278,0.9561537568031204,0.9791394713622416,0.9916520636620324,0.9974907981754269,0.9995194605827536,0.9999329368956648,1.0,1.0,1.0,1.0,1.0,1.0,1.0,1.0,1.0,1.0,1.0,1.0,1.0,1.0,1.0,1.0,1.0,1.0,1.0,1.0,1.0,1.0,1.0,1.0,1.0,1.0,1.0,1.0,1.0,1.0,1.0,1.0,1.0,1.0,1.0,1.0,1.0,1.0,1.0,1.0,1.0,1.0,1.0,1.0,1.0,1.0,1.0,1.0,1.0,1.0,1.0,1.0,1.0,1.0,1.0,1.0,1.0,1.0,1.0,1.0,1.0,1.0,1.0,1.0
IGHJ0-TXGH,21,0.0016794794760554,0.0110833908733123,0.0388557168546873,0.0952982008964152,0.1828543593548808,0.29817537646295,0.4305059355641802,0.5627889653989955,0.6787369960559134,0.7698303105645776,0.8416791423518519,0.8976876027827018,0.9370812094814088,0.9628763233499952,0.9794214936397052,0.989166108992419,0.995240851602549,0.9983081016249872,0.9996001256668208,0.999937225729012,0.9999926503037168,1.0,1.0,1.0,1.0,1.0,1.0,1.0,1.0,1.0,1.0,1.0,1.0,1.0,1.0,1.0,1.0,1.0,1.0,1.0,1.0,1.0,1.0,1.0,1.0,1.0,1.0,1.0,1.0,1.0,1.0,1.0,1.0,1.0,1.0,1.0,1.0,1.0,1.0,1.0,1.0,1.0,1.0,1.0,1.0,1.0,1.0,1.0,1.0,1.0,1.0,1.0,1.0,1.0,1.0,1.0,1.0,1.0,1.0,1.0,1.0,1.0
IGHJ0-TXGH,24,0.0012496739208516,0.0083116800361012,0.0307675076703799,0.0810869269488791,0.1663756886378934,0.2839877889667654,0.4169497561685207,0.5487094542432103,0.6658885503152356,0.761909933066352,0.8353866397816123,0.887952957727386,0.9262217360999632,0.9533868843647711,0.9717302929782718,0.9836012461156328,0.9908484231270014,0.9952582457071376,0.997743975383484,0.9991065018946708,0.9997502064939828,0.9999483305643908,0.999990783471334,0.9999994407048416,1.0,1.0,1.0,1.0,1.0,1.0,1.0,1.0,1.0,1.0,1.0,1.0,1.0,1.0,1.0,1.0,1.0,1.0,1.0,1.0,1.0,1.0,1.0,1.0,1.0,1.0,1.0,1.0,1.0,1.0,1.0,1.0,1.0,1.0,1.0,1.0,1.0,1.0,1.0,1.0,1.0,1.0,1.0,1.0,1.0,1.0,1.0,1.0,1.0,1.0,1.0,1.0,1.0,1.0,1.0,1.0,1.0,1.0
IGHJ0-TXGH,27,0.0002996649541785,0.0024580848592759,0.011246513888146,0.0357559738132581,0.0863133386930281,0.170897728783381,0.2883328384998375,0.4266602610787745,0.5657147287882168,0.6881736609788713,0.7858240653271966,0.859110291539114,0.9099312963679635,0.9432215153178148,0.9643235725379534,0.9781921969055596,0.9870900111842054,0.9926459029258474,0.996018575641344,0.998042642430424,0.9991452020341582,0.9996719965211994,0.9998944268297084,0.999972327800724,0.9999931527111166,0.9999996110586584,1.0,1.0,1.0,1.0,1.0,1.0,1.0,1.0,1.0,1.0,1.0,1.0,1.0,1.0,1.0,1.0,1.0,1.0,1.0,1.0,1.0,1.0,1.0,1.0,1.0,1.0,1.0,1.0,1.0,1.0,1.0,1.0,1.0,1.0,1.0,1.0,1.0,1.0,1.0,1.0,1.0,1.0,1.0,1.0,1.0,1.0,1.0,1.0,1.0,1.0,1.0,1.0,1.0,1.0,1.0,1.0
IGHJ0-TXGH,30,6.568094690536183e-05,0.0006275096946128,0.0032220341381055,0.0116426015815058,0.0327837427565465,0.0748761293660504,0.1449976241545005,0.2445201350257335,0.3681366041514975,0.5027960080793068,0.634028888409528,0.7465582968329004,0.8341885233145944,0.8964297594965214,0.9380636463322058,0.9645771626466988,0.9801899365135056,0.9890929628935196,0.994140122543197,0.9969152067068068,0.9984807385395392,0.9992840639958548,0.9996822801970884,0.9998680092039062,0.9999545155408984,0.999986865320025,0.9999967594376598,0.9999993365130184,0.9999996623928772,1.0,1.0,1.0,1.0,1.0,1.0,1.0,1.0,1.0,1.0,1.0,1.0,1.0,1.0,1.0,1.0,1.0,1.0,1.0,1.0,1.0,1.0,1.0,1.0,1.0,1.0,1.0,1.0,1.0,1.0,1.0,1.0,1.0,1.0,1.0,1.0,1.0,1.0,1.0,1.0,1.0,1.0,1.0,1.0,1.0,1.0,1.0,1.0,1.0,1.0,1.0,1.0,1.0
IGHJ0-TXGH,33,2.142533855302517e-05,0.0001844899379239,0.0009987706181713,0.0037603845665529,0.0110974553684985,0.0279456156178468,0.0610241308872579,0.1170696379893874,0.2012670178009968,0.3121308183886694,0.4404818903008465,0.574047170369221,0.697404995028144,0.7991100207893636,0.873888187214226,0.9241204908836133,0.9557282816086632,0.9749898128368724,0.9863259759844824,0.992579937503786,0.9959850784166804,0.997844815337804,0.9988649211861648,0.999426160406558,0.999729006550554,0.9998826243715332,0.9999474565480692,0.9999807800017184,0.9999923980045126,0.9999982019691764,0.9999998401274568,0.9999999200637284,1.0,1.0,1.0,1.0,1.0,1.0,1.0,1.0,1.0,1.0,1.0,1.0,1.0,1.0,1.0,1.0,1.0,1.0,1.0,1.0,1.0,1.0,1.0,1.0,1.0,1.0,1.0,1.0,1.0,1.0,1.0,1.0,1.0,1.0,1.0,1.0,1.0,1.0,1.0,1.0,1.0,1.0,1.0,1.0,1.0,1.0,1.0,1.0,1.0,1.0
IGHJ0-TXGH,36,6.404313827007429e-06,7.655701405093959e-05,0.0003553399100549,0.001293090479251,0.0038841564104182,0.0101368556886007,0.0232589128444808,0.0482833845904509,0.0910063852645083,0.1571831792402326,0.2480680132241606,0.3601543503360654,0.4838752228548669,0.6073578020883619,0.7195201054362032,0.8124567951260367,0.8823394566797493,0.9302779154331648,0.9606714280765584,0.9789434880690144,0.9892031553327884,0.9946294656963324,0.9973345195755552,0.9987050395254136,0.9993804322705204,0.9997213624671478,0.9998802697081892,0.9999497162106508,0.9999829730507772,0.9999942753452268,0.9999982956642418,0.9999994846986506,0.9999998017390892,1.0,1.0,1.0,1.0,1.0,1.0,1.0,1.0,1.0,1.0,1.0,1.0,1.0,1.0,1.0,1.0,1.0,1.0,1.0,1.0,1.0,1.0,1.0,1.0,1.0,1.0,1.0,1.0,1.0,1.0,1.0,1.0,1.0,1.0,1.0,1.0,1.0,1.0,1.0,1.0,1.0,1.0,1.0,1.0,1.0,1.0,1.0,1.0,1.0
IGHJ0-TXGH,39,6.858546055089423e-06,7.59654896662473e-05,0.0003370164397599,0.0010497507291315,0.0027298857826202,0.0061040064952475,0.0126083111886481,0.0244670382510864,0.0452865911522118,0.07995631492583,0.133133431851027,0.2086272168299765,0.3050390358703546,0.4174382350967278,0.5371693747033456,0.6531411883577638,0.7555138249280973,0.8384993331437426,0.8998393334399578,0.9417611748617022,0.9679027362267943,0.9832298399948292,0.9916419575247536,0.996035969491578,0.9981589700705428,0.999149301235792,0.9996080424159672,0.99982159287906,0.9999229417604648,0.9999658515682676,0.999984729233767,0.999993088653477,0.9999984046846152,0.9999997969230346,1.0,1.0,1.0,1.0,1.0,1.0,1.0,1.0,1.0,1.0,1.0,1.0,1.0,1.0,1.0,1.0,1.0,1.0,1.0,1.0,1.0,1.0,1.0,1.0,1.0,1.0,1.0,1.0,1.0,1.0,1.0,1.0,1.0,1.0,1.0,1.0,1.0,1.0,1.0,1.0,1.0,1.0,1.0,1.0,1.0,1.0,1.0,1.0
IGHJ0-TXGH,42,6.739224909785159e-06,8.129568406291268e-05,0.0003888969088857,0.0012161019903436,0.002960065983246,0.0061254333833546,0.0112612492431488,0.0193100340971632,0.0317496376466414,0.0511813918426623,0.0818665266448477,0.1284200622996531,0.1939411505491806,0.2786547847118872,0.3800675424171337,0.490876030431611,0.6029531712826471,0.7075161716283171,0.7975516249972032,0.8683822629921999,0.9199845927243868,0.9547356099835592,0.9761833905985337,0.9883156383378298,0.9945081640659076,0.997548460442902,0.9989546256090984,0.9995399651240569,0.9997840643639267,0.9998951614848496,0.999948628357947,0.9999756674015666,0.9999887900969716,0.9999962086882358,0.9999992253526264,0.9999997962795744,0.9999999592195036,1.0,1.0,1.0,1.0,1.0,1.0,1.0,1.0,1.0,1.0,1.0,1.0,1.0,1.0,1.0,1.0,1.0,1.0,1.0,1.0,1.0,1.0,1.0,1.0,1.0,1.0,1.0,1.0,1.0,1.0,1.0,1.0,1.0,1.0,1.0,1.0,1.0,1.0,1.0,1.0,1.0,1.0,1.0,1.0,1.0
IGHJ0-TXGH,45,2.7073058862627584e-06,3.98883192071221e-05,0.0002154404308755,0.0007561329770235,0.0021201649773854,0.0046983637716367,0.0089771196566822,0.015170644297274,0.0236828967561901,0.0355272912147458,0.0524113566391014,0.0775832955391443,0.1143377232000231,0.1664253126410675,0.2350191866468294,0.3190255064101979,0.4155383270966872,0.5192275418990171,0.622502325402242,0.7190252855766783,0.8026578113524835,0.8705610353795072,0.9207808516881824,0.954640055340535,0.976005185561967,0.9882204941471971,0.9945163906453426,0.9975392128633876,0.998914806655646,0.9995316187649776,0.9998034162853005,0.9999214182005212,0.999963878429388,0.999986145723729,0.9999930835432538,0.9999969870904007,0.999998564200619,0.999999878697777,0.9999999595659256,1.0,1.0,1.0,1.0,1.0,1.0,1.0,1.0,1.0,1.0,1.0,1.0,1.0,1.0,1.0,1.0,1.0,1.0,1.0,1.0,1.0,1.0,1.0,1.0,1.0,1.0,1.0,1.0,1.0,1.0,1.0,1.0,1.0,1.0,1.0,1.0,1.0,1.0,1.0,1.0,1.0,1.0,1.0
IGHJ0-TXGH,48,1.5836489876759686e-06,3.980852105482815e-05,0.0001314920913562,0.0004676894161809,0.0013485524959485,0.003158504229799,0.0063918501251345,0.0113472004672945,0.0180468685208684,0.0267566598084894,0.0380162189870849,0.0530508194246982,0.0739580621826977,0.1037575275867045,0.1454176414536739,0.2007590324172921,0.2702521116206022,0.352358641495794,0.4437470158532849,0.5401572290184955,0.636712153334386,0.7271681167357136,0.8063279321859338,0.8710360698906796,0.9199943881699004,0.9539342940983904,0.9755518694823492,0.9880610920561844,0.9946824108513034,0.9978350564561284,0.9991501862139924,0.9996837187175472,0.9998814375360254,0.9999567038183096,0.9999839365121708,0.999993767990602,0.999997260219745,0.9999988407464256,0.9999995987199164,0.9999998216532964,0.999999955413324,1.0,1.0,1.0,1.0,1.0,1.0,1.0,1.0,1.0,1.0,1.0,1.0,1.0,1.0,1.0,1.0,1.0,1.0,1.0,1.0,1.0,1.0,1.0,1.0,1.0,1.0,1.0,1.0,1.0,1.0,1.0,1.0,1.0,1.0,1.0,1.0,1.0,1.0,1.0,1.0,1.0
IGHJ0-TXGH,51,5.815662281534511e-06,2.353408819324609e-05,0.0001015514405255,0.0003463672949568,0.0010068620204459,0.0024785784536864,0.0050116216245816,0.0089073360140087,0.0146010491136938,0.0216083016826508,0.0302165342406219,0.0405566692981992,0.053270503505433,0.0702220006792503,0.0936066230733038,0.1256173190042795,0.1688067042123015,0.2240844886372991,0.2918366486288981,0.371479209213781,0.4598209887734077,0.553359224883968,0.6462864893681959,0.7338330751205416,0.8108588315363774,0.8734020982367915,0.921029599453737,0.9537991075492364,0.9751564871091548,0.9877485627838962,0.994273431589318,0.997609107346349,0.9990438918137712,0.999623471817025,0.9998680027499992,0.9999552203039348,0.9999869777601904,0.9999949940982544,0.9999983758508848,0.9999993648234448,1.0,1.0,1.0,1.0,1.0,1.0,1.0,1.0,1.0,1.0,1.0,1.0,1.0,1.0,1.0,1.0,1.0,1.0,1.0,1.0,1.0,1.0,1.0,1.0,1.0,1.0,1.0,1.0,1.0,1.0,1.0,1.0,1.0,1.0,1.0,1.0,1.0,1.0,1.0,1.0,1.0,1.0
IGHJ0-TXGH,54,4.022651144052216e-07,6.862294273473547e-06,5.9992182673697625e-05,0.0002001605440463,0.0006473896202677,0.0016225053351741,0.0035019387553643,0.006885925403409,0.011999054287834,0.0183966136631605,0.0261427579065908,0.0347614665938851,0.0446210066451531,0.0565581503325395,0.0720001724791442,0.0927190148115833,0.1213736216522854,0.158224973366905,0.2053661999538374,0.2628481420515831,0.330798792684174,0.4081349479076969,0.4929053965738518,0.5810512939708119,0.6681614225337009,0.7495829754365149,0.8204830081294122,0.8784470248615787,0.9224645440411376,0.95344265458621,0.9740429811657229,0.9865533813075784,0.9935089272540676,0.997029803636019,0.9987543357110936,0.9995627817282244,0.9998720490730134,0.9999641911408936,0.9999867158383244,0.9999969846155956,0.9999990759259711,1.0,1.0,1.0,1.0,1.0,1.0,1.0,1.0,1.0,1.0,1.0,1.0,1.0,1.0,1.0,1.0,1.0,1.0,1.0,1.0,1.0,1.0,1.0,1.0,1.0,1.0,1.0,1.0,1.0,1.0,1.0,1.0,1.0,1.0,1.0,1.0,1.0,1.0,1.0,1.0,1.0
IGHJ0-TXGH,57,0.0,1.5313560464062136e-06,1.059481531521285e-05,5.858690341050498e-05,0.0002356855254322,0.0007415866276888,0.0018753164562791,0.0038918127565901,0.0070233498708966,0.0114958058154293,0.0172117399486326,0.0242754041255353,0.0321968743572373,0.0412049723670234,0.0510616845892467,0.0635008778065036,0.0799060085597162,0.1009529919046696,0.1292531767472036,0.1666371721771762,0.2122407457156782,0.2679245254770713,0.3316559692518003,0.4052187834506661,0.4870742419866296,0.5717656126148738,0.6561151639825841,0.7351440593931938,0.8052230332476028,0.8640606920002551,0.9101033332813142,0.9450575600298812,0.9685635503426088,0.9836572449641848,0.9921757465258672,0.9965166152087758,0.9986260902693984,0.9994786450903264,0.9997877916041,0.9998821188651073,0.9999365275674148,0.9999576760869638,0.999975566747805,0.99998675824238,0.9999943607134124,0.99999869628434,0.9999995603541436,0.9999997801770718,1.0,1.0,1.0,1.0,1.0,1.0,1.0,1.0,1.0,1.0,1.0,1.0,1.0,1.0,1.0,1.0,1.0,1.0,1.0,1.0,1.0,1.0,1.0,1.0,1.0,1.0,1.0,1.0,1.0,1.0,1.0,1.0,1.0,1.0
IGHJ0-TXGH,60,0.0,6.152331733727083e-07,2.3439243145485497e-05,5.38041370810236e-05,8.453965957548799e-05,0.0002396066103772,0.0007193612695654,0.0018147610236441,0.0037748051494486,0.0066490088574788,0.0108419263624334,0.016254507388904,0.0225674572579355,0.0297989785930204,0.0380717074705568,0.0467684622190995,0.0569039875652927,0.0691504269337209,0.0872178266765584,0.1106343683207612,0.1404198024755993,0.1791435093058964,0.2255486629619531,0.2829555787091827,0.3508809053040405,0.4264872464968999,0.5093618969713563,0.5914241946018777,0.6748385977784152,0.7505234277181693,0.8222580476213254,0.8777790132495181,0.9203518065148428,0.9511943555386396,0.9720314932608092,0.985742275523155,0.9929557896252306,0.996722925389679,0.9986486135326608,0.9995749637590916,0.9998080562129472,0.9999266706706972,0.9999753092940508,1.0,1.0,1.0,1.0,1.0,1.0,1.0,1.0,1.0,1.0,1.0,1.0,1.0,1.0,1.0,1.0,1.0,1.0,1.0,1.0,1.0,1.0,1.0,1.0,1.0,1.0,1.0,1.0,1.0,1.0,1.0,1.0,1.0,1.0,1.0,1.0,1.0,1.0,1.0
IGHJ0-TXGH,63,0.0,0.0,3.5938903863432166e-05,3.5938903863432166e-05,3.5938903863432166e-05,0.0002558414829569,0.0005433527138644,0.0010888400056853,0.003368226161703,0.0065208038795649,0.0097116799481712,0.0150550683533899,0.0210263406541454,0.0289828592772173,0.0345458978284135,0.0450485568698275,0.0545041579225863,0.0677321595789585,0.0854704377578378,0.1108182207488346,0.1420166218199367,0.180283102196114,0.2300015776620598,0.2906296357134176,0.360236595525315,0.4296095801468004,0.5103896798175394,0.5887951141575032,0.6659155512468564,0.7375868813917184,0.8089453929316939,0.8612567709741159,0.9083224092993588,0.94445427830775,0.9640422635220248,0.9822210352343496,0.9919688933498816,0.997870619099512,0.99977796284295,0.9999640610961364,1.0,1.0,1.0,1.0,1.0,1.0,1.0,1.0,1.0,1.0,1.0,1.0,1.0,1.0,1.0,1.0,1.0,1.0,1.0,1.0,1.0,1.0,1.0,1.0,1.0,1.0,1.0,1.0,1.0,1.0,1.0,1.0,1.0,1.0,1.0,1.0,1.0,1.0,1.0,1.0,1.0,1.0
IGHJ0-TXGH,66,0.0,0.0,0.0,0.0,0.0,0.0,0.0007382798080472,0.0014765596160944,0.0027153399246422,0.0056684591568312,0.0104922197945453,0.0140772001237117,0.0196641824548801,0.0249635017076877,0.0340041037715456,0.0413303669117622,0.0497391078786427,0.0601249089621182,0.0769174490104722,0.0923647900392086,0.113768253303137,0.1456888782470178,0.191849656965936,0.246256223000409,0.3142644305435003,0.3890984007263077,0.4800115730348288,0.5778818685795429,0.6755393267021175,0.7500540407517152,0.8072507723670515,0.8666623434065294,0.9194293961735824,0.9578814695093766,0.9795476539662586,0.994043877764808,0.9978915792869282,0.9987612196914524,0.9994994994994996,1.0,1.0,1.0,1.0,1.0,1.0,1.0,1.0,1.0,1.0,1.0,1.0,1.0,1.0,1.0,1.0,1.0,1.0,1.0,1.0,1.0,1.0,1.0,1.0,1.0,1.0,1.0,1.0,1.0,1.0,1.0,1.0,1.0,1.0,1.0,1.0,1.0,1.0,1.0,1.0,1.0,1.0,1.0
,12,0.0016040680725970002,0.0174738564657822,0.06475390865406475,0.15954186653918376,0.3033109830574433,0.48280738542287494,0.6695064356256013,0.8134955312509324,0.9175262565270559,0.9722883704581053,0.9942026844742005,0.9992717758144256,1.0,1.0,1.0,1.0,1.0,1.0,1.0,1.0,1.0,1.0,1.0,1.0,1.0,1.0,1.0,1.0,1.0,1.0,1.0,1.0,1.0,1.0,1.0,1.0,1.0,1.0,1.0,1.0,1.0,1.0,1.0,1.0,1.0,1.0,1.0,1.0,1.0,1.0,1.0,1.0,1.0,1.0,1.0,1.0,1.0,1.0,1.0,1.0,1.0,1.0,1.0,1.0,1.0,1.0,1.0,1.0,1.0,1.0,1.0,1.0,1.0,1.0,1.0,1.0,1.0,1.0,1.0,1.0,1.0,1.0
,15,0.0030438645207007,0.01876154656441625,0.06174903825248958,0.14220525975050177,0.258241945710928,0.40302008509900944,0.5595181512749874,0.7037586043730524,0.8198252518328669,0.8999131941696878,0.9507662892303188,0.9804848411544198,0.9942598188320739,0.9987184163881646,0.9998418833243368,1.0,1.0,1.0,1.0,1.0,1.0,1.0,1.0,1.0,1.0,1.0,1.0,1.0,1.0,1.0,1.0,1.0,1.0,1.0,1.0,1.0,1.0,1.0,1.0,1.0,1.0,1.0,1.0,1.0,1.0,1.0,1.0,1.0,1.0,1.0,1.0,1.0,1.0,1.0,1.0,1.0,1.0,1.0,1.0,1.0,1.0,1.0,1.0,1.0,1.0,1.0,1.0,1.0,1.0,1.0,1.0,1.0,1.0,1.0,1.0,1.0,1.0,1.0,1.0,1.0,1.0,1.0
,18,0.002510641392941675,0.013776034766445474,0.04444646337665885,0.10344471273557382,0.19409519293165237,0.3131963632130559,0.44405284161093816,0.5744940011051347,0.6969145750965517,0.8021479021293061,0.8823025314674857,0.9357736183967851,0.9681223075251942,0.9860131767816822,0.9948127896331278,0.9984704971573409,0.9996928257135399,0.9999606609527608,1.0,1.0,1.0,1.0,1.0,1.0,1.0,1.0,1.0,1.0,1.0,1.0,1.0,1.0,1.0,1.0,1.0,1.0,1.0,1.0,1.0,1.0,1.0,1.0,1.0,1.0,1.0,1.0,1.0,1.0,1.0,1.0,1.0,1.0,1.0,1.0,1.0,1.0,1.0,1.0,1.0,1.0,1.0,1.0,1.0,1.0,1.0,1.0,1.0,1.0,1.0,1.0,1.0,1.0,1.0,1.0,1.0,1.0,1.0,1.0,1.0,1.0,1.0,1.0
,21,0.002811943843240625,0.015139438511733598,0.04485113359620077,0.0994045487107663,0.1789888980030352,0.2811034892440903,0.39784731254256545,0.5198853017561147,0.6370677079032914,0.7399996811707374,0.8238685907127568,0.8888683300781864,0.9350458635399326,0.964786954281034,0.9823054378884151,0.9918132806869436,0.9967615618749066,0.9989552407725211,0.9997490223583877,0.9999557834472961,0.9999906602913691,1.0,1.0,1.0,1.0,1.0,1.0,1.0,1.0,1.0,1.0,1.0,1.0,1.0,1.0,1.0,1.0,1.0,1.0,1.0,1.0,1.0,1.0,1.0,1.0,1.0,1.0,1.0,1.0,1.0,1.0,1.0,1.0,1.0,1.0,1.0,1.0,1.0,1.0,1.0,1.0,1.0,1.0,1.0,1.0,1.0,1.0,1.0,1.0,1.0,1.0,1.0,1.0,1.0,1.0,1.0,1.0,1.0,1.0,1.0,1.0,1.0
,24,0.001358453470050375,0.00847663959319575,0.02899362540712305,0.07107423644125395,0.13709889923098506,0.22375433167734682,0.3264579109715449,0.4375315868172065,0.5490859203619508,0.6538851311582429,0.747225748145877,0.8249435801893631,0.8855590591038571,0.9295848858567167,0.9597742922302037,0.9786463983090059,0.9894663803829404,0.9952242138129327,0.9980514871732058,0.9993163825929053,0.9998064564676403,0.9999615045808465,0.9999947098096801,0.999999678069615,1.0,1.0,1.0,1.0,1.0,1.0,1.0,1.0,1.0,1.0,1.0,1.0,1.0,1.0,1.0,1.0,1.0,1.0,1.0,1.0,1.0,1.0,1.0,1.0,1.0,1.0,1.0,1.0,1.0,1.0,1.0,1.0,1.0,1.0,1.0,1.0,1.0,1.0,1.0,1.0,1.0,1.0,1.0,1.0,1.0,1.0,1.0,1.0,1.0,1.0,1.0,1.0,1.0,1.0,1.0,1.0,1.0,1.0
,27,0.00038162408048157616,0.0027068139478011,0.01126691632371445,0.03284186943887885,0.07517596322596078,0.14324145492659562,0.23608276610644513,0.34540789607470124,0.4606761109619212,0.5735573136884786,0.6758470606311169,0.7637149321800597,0.8348907088794129,0.889656698990068,0.9297985247427404,0.9576747621136696,0.9760106938624273,0.9873423089655344,0.9938219477954348,0.9972012383726574,0.998878541139794,0.9996018400969902,0.9998779575128465,0.9999718984078847,0.9999937474393578,0.9999993838018718,0.9999999773031627,1.0,1.0,1.0,1.0,1.0,1.0,1.0,1.0,1.0,1.0,1.0,1.0,1.0,1.0,1.0,1.0,1.0,1.0,1.0,1.0,1.0,1.0,1.0,1.0,1.0,1.0,1.0,1.0,1.0,1.0,1.0,1.0,1.0,1.0,1.0,1.0,1.0,1.0,1.0,1.0,1.0,1.0,1.0,1.0,1.0,1.0,1.0,1.0,1.0,1.0,1.0,1.0,1.0,1.0,1.0
,30,7.486455427673767e-05,0.000544140702598175,0.002592100731649,0.008952790338763825,0.024832905824515424,0.0564382739087888,0.10995219763954442,0.18764527957231217,0.2871982561848356,0.40060877241780085,0.518020317407451,0.6296343078523801,0.7284779603152735,0.8097498421099237,0.8728366470011238,0.9188450844789565,0.9506998973650619,0.9714837625098255,0.9843310514940242,0.9919208650573303,0.9961837606743749,0.9983337802578137,0.9993371654852427,0.999756006689603,0.9999230138511668,0.9999790167285775,0.9999954063369899,0.9999991166880491,0.9999998403964471,1.0,1.0,1.0,1.0,1.0,1.0,1.0,1.0,1.0,1.0,1.0,1.0,1.0,1.0,1.0,1.0,1.0,1.0,1.0,1.0,1.0,1.0,1.0,1.0,1.0,1.0,1.0,1.0,1.0,1.0,1.0,1.0,1.0,1.0,1.0,1.0,1.0,1.0,1.0,1.0,1.0,1.0,1.0,1.0,1.0,1.0,1.0,1.0,1.0,1.0,1.0,1.0,1.0
,33,2.1288014811617848e-05,0.00018235457025535877,0.00086433712048775,0.00305905321674535,0.008655483543040274,0.021307491101513976,0.04602386498267998,0.08897765004528295,0.1544214402326191,0.24297282566945894,0.3494169128403385,0.46512142822187597,0.5801649381262799,0.6850637060553951,0.7742675323169956,0.8455026171632011,0.8986456775538629,0.9364064035949446,0.9618447427038841,0.9781334415010119,0.988074622942228,0.9938103665873543,0.9969923159920757,0.9986429851308095,0.9994426646731113,0.9997920719320462,0.9999280557289334,0.9999786129425379,0.9999934968932354,0.9999986373150771,0.999999803072843,0.9999999695659298,0.9999999895499978,1.0,1.0,1.0,1.0,1.0,1.0,1.0,1.0,1.0,1.0,1.0,1.0,1.0,1.0,1.0,1.0,1.0,1.0,1.0,1.0,1.0,1.0,1.0,1.0,1.0,1.0,1.0,1.0,1.0,1.0,1.0,1.0,1.0,1.0,1.0,1.0,1.0,1.0,1.0,1.0,1.0,1.0,1.0,1.0,1.0,1.0,1.0,1.0,1.0
,36,1.213103717762485e-05,0.00010124938643054705,0.00045514617090885003,0.0015008473553461499,0.004045515309872125,0.0095599780409067,0.020382993750301226,0.04017233700470363,0.07349516963864185,0.12507348799889975,0.19760799762730838,0.29039083472854954,0.39759229190746803,0.5109455217723546,0.6208956613401005,0.7197835142645125,0.8022297630976009,0.8668166714296074,0.9142987108365619,0.9472899835787225,0.9689415828432868,0.982504113815162,0.9906157746503899,0.9952163185879225,0.9977053475455453,0.9989659693638082,0.9995719829902728,0.9998411784953677,0.999943841598549,0.9999809264166367,0.9999952198246795,0.9999988484503791,0.9999997806588045,0.9999999790909205,1.0,1.0,1.0,1.0,1.0,1.0,1.0,1.0,1.0,1.0,1.0,1.0,1.0,1.0,1.0,1.0,1.0,1.0,1.0,1.0,1.0,1.0,1.0,1.0,1.0,1.0,1.0,1.0,1.0,1.0,1.0,1.0,1.0,1.0,1.0,1.0,1.0,1.0,1.0,1.0,1.0,1.0,1.0,1.0,1.0,1.0,1.0,1.0
,39,2.0203547931065354e-05,0.0001562010450097678,0.000628478323676325,0.0018199366400216,0.00428800974960075,0.008587323158257524,0.015619992028768775,0.026684342018767352,0.044239376442828,0.0717850821446423,0.11304763101001225,0.17150509366484581,0.24840841339251649,0.3416303461211955,0.44556820534967834,0.5526685248129004,0.6549987809410718,0.7459680320438032,0.8213670743087002,0.8803145166926454,0.9234541666269074,0.9531580779018302,0.9725304712126911,0.9845947151262793,0.9918049321453812,0.9958763510260921,0.9980516739012917,0.9991385092345437,0.9996472395345979,0.9998681211656694,0.9999518660064091,0.9999850865867235,0.9999955354360228,0.9999991719603583,0.9999999033029566,1.0,1.0,1.0,1.0,1.0,1.0,1.0,1.0,1.0,1.0,1.0,1.0,1.0,1.0,1.0,1.0,1.0,1.0,1.0,1.0,1.0,1.0,1.0,1.0,1.0,1.0,1.0,1.0,1.0,1.0,1.0,1.0,1.0,1.0,1.0,1.0,1.0,1.0,1.0,1.0,1.0,1.0,1.0,1.0,1.0,1.0,1.0
,42,2.0510119743071156e-05,0.0001719424640978637,0.0007458112878582,0.002171670766960825,0.005041619468157225,0.009748146709003,0.01666374146942465,0.026042234577018625,0.03853005681712235,0.055891450129016876,0.08085539116155002,0.1170802843331898,0.1677513119819666,0.2339030169335206,0.31505573731966086,0.4075498807515442,0.5064795680567227,0.6055185771816021,0.6989559298988408,0.7810961788347583,0.8484316381138959,0.9003884203532394,0.9378700253924682,0.9631654185492251,0.9791364812101884,0.9887028546805909,0.9941084434165273,0.9971003876734204,0.9986365979493692,0.9993903373844203,0.9997446231342499,0.9998992528747102,0.9999637105618634,0.9999883986192778,0.9999970188658553,0.9999992051191531,0.9999998260003238,0.9999999460585567,1.0,1.0,1.0,1.0,1.0,1.0,1.0,1.0,1.0,1.0,1.0,1.0,1.0,1.0,1.0,1.0,1.0,1.0,1.0,1.0,1.0,1.0,1.0,1.0,1.0,1.0,1.0,1.0,1.0,1.0,1.0,1.0,1.0,1.0,1.0,1.0,1.0,1.0,1.0,1.0,1.0,1.0,1.0,1.0
,45,8.612379018083945e-06,8.281116332392276e-05,0.0004050551963421,0.00134049052314035,0.0035113174325562997,0.007470166474237075,0.013565598699020125,0.021637641688977423,0.03176993464124625,0.04397718811009315,0.059560807034555,0.08080194030322094,0.11036871735168027,0.15103410249307053,0.2047136156509347,0.27141037406491797,0.3496479088639792,0.4373796895709353,0.53005098532986,0.6224858972228355,0.7097141191056783,0.7872066100251705,0.8516340616016693,0.9017347440741098,0.9384001641712756,0.9632507425218845,0.9791408777944506,0.9886318618967141,0.9940249609928827,0.996971003712817,0.9985403669025624,0.9993150740698744,0.999687725280934,0.9998650531409786,0.9999429441244388,0.9999760679669123,0.9999897102427044,0.9999965451537891,0.9999993058966414,0.9999998215062582,1.0,1.0,1.0,1.0,1.0,1.0,1.0,1.0,1.0,1.0,1.0,1.0,1.0,1.0,1.0,1.0,1.0,1.0,1.0,1.0,1.0,1.0,1.0,1.0,1.0,1.0,1.0,1.0,1.0,1.0,1.0,1.0,1.0,1.0,1.0,1.0,1.0,1.0,1.0,1.0,1.0,1.0
,48,3.522221031841152e-06,4.549367518739985e-05,0.00025683515362670003,0.000860157901723925,0.002355138700203225,0.00541820966432935,0.010538908608382476,0.017865941848394375,0.027144130798454878,0.03788133240226675,0.05033811130975832,0.06466255960231553,0.08298672242482702,0.10754173609854208,0.14078525911867706,0.18490879569597782,0.24024984024870094,0.3066844673532721,0.3819800107249469,0.4643225456704758,0.5512382797817568,0.6382681878438083,0.720670305392417,0.7942865069697145,0.8560253902606025,0.9044280807239986,0.9399317426927225,0.9640887373404405,0.9798647721298258,0.989311299792581,0.994520011558688,0.9972400329155906,0.9986467643719472,0.9993483258665963,0.9997141675906129,0.9998704652448702,0.9999526702889242,0.9999788373746341,0.9999948791966554,0.9999990118174826,0.9999999759455717,0.9999999870922407,0.9999999870922407,1.0,1.0,1.0,1.0,1.0,1.0,1.0,1.0,1.0,1.0,1.0,1.0,1.0,1.0,1.0,1.0,1.0,1.0,1.0,1.0,1.0,1.0,1.0,1.0,1.0,1.0,1.0,1.0,1.0,1.0,1.0,1.0,1.0,1.0,1.0,1.0,1.0,1.0,1.0
,51,2.3418221694917607e-06,1.9389666038366346e-05,0.00010976722182124584,0.000398674812563175,0.0012378605814814501,0.0030542406398974,0.006337702732617475,0.01153484849114085,0.018703421269057576,0.02762993947629885,0.03778232916301055,0.049127972136196546,0.061674469355861176,0.07652375896546867,0.0955626717376326,0.12076955537966118,0.15467684342403482,0.19825819243850776,0.2522659605553562,0.3156516214130229,0.3871677464690212,0.46553080920607004,0.5475781919935774,0.6315371432320788,0.7131696174765804,0.7866330821068485,0.8500606888483639,0.8997382501904478,0.9367521774223131,0.9624748829263645,0.9784414994531195,0.9884101300327766,0.9941503813191801,0.9972452499133339,0.9987634782363616,0.9995187461948211,0.9998111189471282,0.9999381082561688,0.9999819179368449,0.9999926254679978,0.9999945504022288,0.9999997531851457,1.0,1.0,1.0,1.0,1.0,1.0,1.0,1.0,1.0,1.0,1.0,1.0,1.0,1.0,1.0,1.0,1.0,1.0,1.0,1.0,1.0,1.0,1.0,1.0,1.0,1.0,1.0,1.0,1.0,1.0,1.0,1.0,1.0,1.0,1.0,1.0,1.0,1.0,1.0,1.0
,54,1.390360668228016e-07,4.538332886693257e-06,3.432663732018544e-05,0.00017672009001630865,0.0005514514416021751,0.001316410993661425,0.002934971835862025,0.006222672113191775,0.0110919511340675,0.017576677615745523,0.025531549332900177,0.03458726612055092,0.044489608713532976,0.055446579255744075,0.0679060797311862,0.08345213909409557,0.10414995020149255,0.1313170757759352,0.166236533323076,0.21008666138622556,0.2627844262782222,0.3237186188607948,0.3928102757254152,0.4688143973754203,0.5493683246162904,0.6313411518568612,0.7113163492036225,0.7842055207859425,0.8478218228858551,0.8976219833717529,0.9348331264307496,0.9607100447192818,0.9779643773447266,0.9881081069605004,0.9941131579612151,0.9972842978906566,0.9987154938026939,0.9994410908439448,0.9997961070846891,0.9999515114007201,0.99998270665561,0.9999928733253757,1.0,1.0,1.0,1.0,1.0,1.0,1.0,1.0,1.0,1.0,1.0,1.0,1.0,1.0,1.0,1.0,1.0,1.0,1.0,1.0,1.0,1.0,1.0,1.0,1.0,1.0,1.0,1.0,1.0,1.0,1.0,1.0,1.0,1.0,1.0,1.0,1.0,1.0,1.0,1.0
,57,6.601167244796894e-08,1.4630730851879034e-06,1.042189498542229e-05,6.719804619407094e-05,0.000242142430264,0.000773415375558975,0.0019049986281254251,0.003804536257177875,0.0070126439013325,0.0112105709934707,0.017421684779822373,0.024863566714506402,0.03362945590281395,0.04364100398247735,0.05470695746922832,0.068700182671213,0.08594906034396345,0.1084422055132399,0.13805005710684892,0.17608000675939836,0.22283371949135028,0.2767497653546397,0.3402537495389184,0.41042062304428084,0.4848810550662146,0.5615442411930064,0.6383768878893035,0.7110961315742796,0.7784622635490654,0.8375856838011823,0.8848324051169728,0.9218514225062399,0.9497872678613719,0.9694249596898917,0.9828185160219166,0.9910203890592297,0.9955954568911397,0.997844592993908,0.9990924992210697,0.9996264582063478,0.9999075073435353,0.9999525733846869,0.9999938268462001,0.999996624719844,0.9999985901783531,0.999999674071085,0.9999998900885358,0.9999999450442679,1.0,1.0,1.0,1.0,1.0,1.0,1.0,1.0,1.0,1.0,1.0,1.0,1.0,1.0,1.0,1.0,1.0,1.0,1.0,1.0,1.0,1.0,1.0,1.0,1.0,1.0,1.0,1.0,1.0,1.0,1.0,1.0,1.0,1.0
,60,0.0,1.5380829334317707e-07,8.053230838302082e-06,8.32647235246132e-05,0.000488866015967172,0.0007528002082755,0.001294666419204575,0.0033176975874112,0.006032050540176925,0.011156969021569376,0.016426311506930875,0.024025630027549053,0.0340331465663484,0.043135907048886105,0.055018047269426704,0.06703035724870922,0.08133838039490207,0.0994372833137947,0.12357255027976113,0.15109595301256873,0.1891328441451426,0.23513169873664125,0.28656791681811283,0.34766465276913316,0.41509332771720675,0.488754458794716,0.5677187454864252,0.6467237090889759,0.7257983134377186,0.796646849629836,0.8588269502755828,0.906999972201097,0.9419776834325353,0.9669797540992462,0.9827804232122797,0.9914528833277054,0.9957913249093429,0.9982092085344201,0.9993499026548456,0.999808931914432,0.9999273632643371,0.9999816676676743,0.9999938273235127,1.0,1.0,1.0,1.0,1.0,1.0,1.0,1.0,1.0,1.0,1.0,1.0,1.0,1.0,1.0,1.0,1.0,1.0,1.0,1.0,1.0,1.0,1.0,1.0,1.0,1.0,1.0,1.0,1.0,1.0,1.0,1.0,1.0,1.0,1.0,1.0,1.0,1.0,1.0
,63,0.0,0.0,8.984725965858042e-06,1.2992356494384357e-05,1.526258651408995e-05,0.000111678290348025,0.0003442034962356,0.0006770393380205,0.0021378698309581752,0.0044422527081707,0.0076363446887221,0.011987441889829075,0.017402150051841925,0.0240876730327666,0.03062216660512295,0.038368877662669575,0.04544070523522675,0.05526711059150825,0.06802028846489375,0.08511799898320555,0.1092235228539165,0.13701362994622476,0.17459924255123532,0.2205925922129902,0.27673091216394724,0.33954827228215195,0.41567600740768473,0.49584714778485367,0.5831599314560223,0.6680393975857092,0.7491822100154468,0.8193877038606813,0.8754903098401343,0.921040534617831,0.9489863824446778,0.9708494265416314,0.9841641477028175,0.9922214365394496,0.9964736071944826,0.9981660758358362,0.9993133085238348,0.9997025391762233,0.9998227892964735,0.9998829143565985,0.9999113946482368,1.0,1.0,1.0,1.0,1.0,1.0,1.0,1.0,1.0,1.0,1.0,1.0,1.0,1.0,1.0,1.0,1.0,1.0,1.0,1.0,1.0,1.0,1.0,1.0,1.0,1.0,1.0,1.0,1.0,1.0,1.0,1.0,1.0,1.0,1.0,1.0,1.0
,66,0.0,0.0,0.0,0.0,0.0,0.0,0.0003691399040236,0.0018877050954035,0.0025070952496774,0.0039836548657719,0.007544960471985249,0.010486875923924801,0.01672864295157795,0.023976003727407047,0.0388411323455429,0.04595253977772015,0.058202887272654644,0.0737406154005993,0.08903343714891426,0.1048030846747767,0.12929791975501675,0.1579019103878767,0.19477540319561165,0.24151891609790566,0.306557502628072,0.37385954519074005,0.46759199341396607,0.5510098998070129,0.6366202380637025,0.7106592042839036,0.7852345815858246,0.8551702521630348,0.9079905601557567,0.9525039531454929,0.9794289993969224,0.990125387158266,0.9966469390687516,0.9993806098457262,0.9997497497497498,1.0,1.0,1.0,1.0,1.0,1.0,1.0,1.0,1.0,1.0,1.0,1.0,1.0,1.0,1.0,1.0,1.0,1.0,1.0,1.0,1.0,1.0,1.0,1.0,1.0,1.0,1.0,1.0,1.0,1.0,1.0,1.0,1.0,1.0,1.0,1.0,1.0,1.0,1.0,1.0,1.0,1.0,1.0
